filename;file_url;format;has_text_layer;lang_mistral;lang_groq;lang_fasttext;lang_glotlid;lang_langdetect;lang_vote
Мисиков М.А. - Материалы для антропологии осетин - 1916.djvu;https://cloud.mail.ru/public/Cbc3/kLSNPK3A3/%D0%90%D0%9D%D0%A2%D0%A0%D0%9E%D0%9F%D0%9E%D0%9B%D0%9E%D0%93%D0%98%D0%AF/%D0%9C%D0%B8%D1%81%D0%B8%D0%BA%D0%BE%D0%B2%20%D0%9C.%D0%90.%20-%20%D0%9C%D0%B0%D1%82%D0%B5%D1%80%D0%B8%D0%B0%D0%BB%D1%8B%20%D0%B4%D0%BB%D1%8F%20%D0%B0%D0%BD%D1%82%D1%80%D0%BE%D0%BF%D0%BE%D0%BB%D0%BE%D0%B3%D0%B8%D0%B8%20%D0%BE%D1%81%D0%B5%D1%82%D0%B8%D0%BD%20-%201916/%D0%9C%D0%B8%D1%81%D0%B8%D0%BA%D0%BE%D0%B2%20%D0%9C.%D0%90.%20-%20%D0%9C%D0%B0%D1%82%D0%B5%D1%80%D0%B8%D0%B0%D0%BB%D1%8B%20%D0%B4%D0%BB%D1%8F%20%D0%B0%D0%BD%D1%82%D1%80%D0%BE%D0%BF%D0%BE%D0%BB%D0%BE%D0%B3%D0%B8%D0%B8%20%D0%BE%D1%81%D0%B5%D1%82%D0%B8%D0%BD%20-%201916.djvu;djvu;yes;ossetian;russian;ru;rus_Cyrl;ru;russian
Мисиков М.А. - Материалы для антропологии осетин - 1916.pdf;https://cloud.mail.ru/public/Cbc3/kLSNPK3A3/%D0%90%D0%9D%D0%A2%D0%A0%D0%9E%D0%9F%D0%9E%D0%9B%D0%9E%D0%93%D0%98%D0%AF/%D0%9C%D0%B8%D1%81%D0%B8%D0%BA%D0%BE%D0%B2%20%D0%9C.%D0%90.%20-%20%D0%9C%D0%B0%D1%82%D0%B5%D1%80%D0%B8%D0%B0%D0%BB%D1%8B%20%D0%B4%D0%BB%D1%8F%20%D0%B0%D0%BD%D1%82%D1%80%D0%BE%D0%BF%D0%BE%D0%BB%D0%BE%D0%B3%D0%B8%D0%B8%20%D0%BE%D1%81%D0%B5%D1%82%D0%B8%D0%BD%20-%201916/%D0%9C%D0%B8%D1%81%D0%B8%D0%BA%D0%BE%D0%B2%20%D0%9C.%D0%90.%20-%20%D0%9C%D0%B0%D1%82%D0%B5%D1%80%D0%B8%D0%B0%D0%BB%D1%8B%20%D0%B4%D0%BB%D1%8F%20%D0%B0%D0%BD%D1%82%D1%80%D0%BE%D0%BF%D0%BE%D0%BB%D0%BE%D0%B3%D0%B8%D0%B8%20%D0%BE%D1%81%D0%B5%D1%82%D0%B8%D0%BD%20-%201916.pdf;pdf;no;no text;no text;no text;no text;no text;no text
Внучка Мисикова.doc;https://cloud.mail.ru/public/Cbc3/kLSNPK3A3/%D0%90%D0%9D%D0%A2%D0%A0%D0%9E%D0%9F%D0%9E%D0%9B%D0%9E%D0%93%D0%98%D0%AF/%D0%92%D0%BD%D1%83%D1%87%D0%BA%D0%B0%20%D0%9C%D0%B8%D1%81%D0%B8%D0%BA%D0%BE%D0%B2%D0%B0.doc;doc;yes;russian;russian;unknown;und_Cyrl;ru;russian
Генри Филд - Материалы по антропологии Кавказа - 1953.djvu;https://cloud.mail.ru/public/Cbc3/kLSNPK3A3/%D0%90%D0%9D%D0%A2%D0%A0%D0%9E%D0%9F%D0%9E%D0%9B%D0%9E%D0%93%D0%98%D0%AF/%D0%93%D0%B5%D0%BD%D1%80%D0%B8%20%D0%A4%D0%B8%D0%BB%D0%B4%20-%20%D0%9C%D0%B0%D1%82%D0%B5%D1%80%D0%B8%D0%B0%D0%BB%D1%8B%20%D0%BF%D0%BE%20%D0%B0%D0%BD%D1%82%D1%80%D0%BE%D0%BF%D0%BE%D0%BB%D0%BE%D0%B3%D0%B8%D0%B8%20%D0%9A%D0%B0%D0%B2%D0%BA%D0%B0%D0%B7%D0%B0%20-%201953.djvu;djvu;yes;russian;ossetian;unknown;unknown;ru;russian
Материалы для антропологии Кавказа. Осетины - 1890.djvu;https://cloud.mail.ru/public/Cbc3/kLSNPK3A3/%D0%90%D0%9D%D0%A2%D0%A0%D0%9E%D0%9F%D0%9E%D0%9B%D0%9E%D0%93%D0%98%D0%AF/%D0%9C%D0%B0%D1%82%D0%B5%D1%80%D0%B8%D0%B0%D0%BB%D1%8B%20%D0%B4%D0%BB%D1%8F%20%D0%B0%D0%BD%D1%82%D1%80%D0%BE%D0%BF%D0%BE%D0%BB%D0%BE%D0%B3%D0%B8%D0%B8%20%D0%9A%D0%B0%D0%B2%D0%BA%D0%B0%D0%B7%D0%B0.%20%D0%9E%D1%81%D0%B5%D1%82%D0%B8%D0%BD%D1%8B%20-%201890.djvu;djvu;yes;russian;russian;ru;rus_Cyrl;ru;russian
Мисиков М.А. - Этнографические сведения об осетинах - 2011.djvu;https://cloud.mail.ru/public/Cbc3/kLSNPK3A3/%D0%90%D0%9D%D0%A2%D0%A0%D0%9E%D0%9F%D0%9E%D0%9B%D0%9E%D0%93%D0%98%D0%AF/%D0%9C%D0%B8%D1%81%D0%B8%D0%BA%D0%BE%D0%B2%20%D0%9C.%D0%90.%20-%20%D0%AD%D1%82%D0%BD%D0%BE%D0%B3%D1%80%D0%B0%D1%84%D0%B8%D1%87%D0%B5%D1%81%D0%BA%D0%B8%D0%B5%20%D1%81%D0%B2%D0%B5%D0%B4%D0%B5%D0%BD%D0%B8%D1%8F%20%D0%BE%D0%B1%20%D0%BE%D1%81%D0%B5%D1%82%D0%B8%D0%BD%D0%B0%D1%85%20-%202011.djvu;djvu;yes;russian;russian;ru;rus_Cyrl;ru;russian
Материалы по археологии и древней истории Северной Осетии - 1961.djvu;https://cloud.mail.ru/public/Cbc3/kLSNPK3A3/%D0%90%D0%A0%D0%A5%D0%95%D0%9E%D0%9B%D0%9E%D0%93%D0%98%D0%AF/%D0%A0%D0%B0%D0%B7%D0%BD%D0%BE%D0%B5%201/%D0%9C%D0%B0%D1%82%D0%B5%D1%80%D0%B8%D0%B0%D0%BB%D1%8B%20%D0%BF%D0%BE%20%D0%B0%D1%80%D1%85%D0%B5%D0%BE%D0%BB%D0%BE%D0%B3%D0%B8%D0%B8%20%D0%B8%20%D0%B4%D1%80%D0%B5%D0%B2%D0%BD%D0%B5%D0%B9%20%D0%B8%D1%81%D1%82%D0%BE%D1%80%D0%B8%D0%B8%20%D0%A1%D0%B5%D0%B2%D0%B5%D1%80%D0%BD%D0%BE%D0%B9%20%D0%9E%D1%81%D0%B5%D1%82%D0%B8%D0%B8/%D0%9C%D0%B0%D1%82%D0%B5%D1%80%D0%B8%D0%B0%D0%BB%D1%8B%20%D0%BF%D0%BE%20%D0%B0%D1%80%D1%85%D0%B5%D0%BE%D0%BB%D0%BE%D0%B3%D0%B8%D0%B8%20%D0%B8%20%D0%B4%D1%80%D0%B5%D0%B2%D0%BD%D0%B5%D0%B9%20%D0%B8%D1%81%D1%82%D0%BE%D1%80%D0%B8%D0%B8%20%D0%A1%D0%B5%D0%B2%D0%B5%D1%80%D0%BD%D0%BE%D0%B9%20%D0%9E%D1%81%D0%B5%D1%82%D0%B8%D0%B8%20-%201961.djvu;djvu;yes;russian;ossetian;ru;rus_Cyrl;ru;russian
Материалы по археологии и древней истории Северной Осетии - 1969.djvu;https://cloud.mail.ru/public/Cbc3/kLSNPK3A3/%D0%90%D0%A0%D0%A5%D0%95%D0%9E%D0%9B%D0%9E%D0%93%D0%98%D0%AF/%D0%A0%D0%B0%D0%B7%D0%BD%D0%BE%D0%B5%201/%D0%9C%D0%B0%D1%82%D0%B5%D1%80%D0%B8%D0%B0%D0%BB%D1%8B%20%D0%BF%D0%BE%20%D0%B0%D1%80%D1%85%D0%B5%D0%BE%D0%BB%D0%BE%D0%B3%D0%B8%D0%B8%20%D0%B8%20%D0%B4%D1%80%D0%B5%D0%B2%D0%BD%D0%B5%D0%B9%20%D0%B8%D1%81%D1%82%D0%BE%D1%80%D0%B8%D0%B8%20%D0%A1%D0%B5%D0%B2%D0%B5%D1%80%D0%BD%D0%BE%D0%B9%20%D0%9E%D1%81%D0%B5%D1%82%D0%B8%D0%B8/%D0%9C%D0%B0%D1%82%D0%B5%D1%80%D0%B8%D0%B0%D0%BB%D1%8B%20%D0%BF%D0%BE%20%D0%B0%D1%80%D1%85%D0%B5%D0%BE%D0%BB%D0%BE%D0%B3%D0%B8%D0%B8%20%D0%B8%20%D0%B4%D1%80%D0%B5%D0%B2%D0%BD%D0%B5%D0%B9%20%D0%B8%D1%81%D1%82%D0%BE%D1%80%D0%B8%D0%B8%20%D0%A1%D0%B5%D0%B2%D0%B5%D1%80%D0%BD%D0%BE%D0%B9%20%D0%9E%D1%81%D0%B5%D1%82%D0%B8%D0%B8%20-%201969.djvu;djvu;yes;ossetian;ossetian;ru;rus_Cyrl;ru;russian
Материалы по археологии и древней истории Северной Осетии - 1975.djvu;https://cloud.mail.ru/public/Cbc3/kLSNPK3A3/%D0%90%D0%A0%D0%A5%D0%95%D0%9E%D0%9B%D0%9E%D0%93%D0%98%D0%AF/%D0%A0%D0%B0%D0%B7%D0%BD%D0%BE%D0%B5%201/%D0%9C%D0%B0%D1%82%D0%B5%D1%80%D0%B8%D0%B0%D0%BB%D1%8B%20%D0%BF%D0%BE%20%D0%B0%D1%80%D1%85%D0%B5%D0%BE%D0%BB%D0%BE%D0%B3%D0%B8%D0%B8%20%D0%B8%20%D0%B4%D1%80%D0%B5%D0%B2%D0%BD%D0%B5%D0%B9%20%D0%B8%D1%81%D1%82%D0%BE%D1%80%D0%B8%D0%B8%20%D0%A1%D0%B5%D0%B2%D0%B5%D1%80%D0%BD%D0%BE%D0%B9%20%D0%9E%D1%81%D0%B5%D1%82%D0%B8%D0%B8/%D0%9C%D0%B0%D1%82%D0%B5%D1%80%D0%B8%D0%B0%D0%BB%D1%8B%20%D0%BF%D0%BE%20%D0%B0%D1%80%D1%85%D0%B5%D0%BE%D0%BB%D0%BE%D0%B3%D0%B8%D0%B8%20%D0%B8%20%D0%B4%D1%80%D0%B5%D0%B2%D0%BD%D0%B5%D0%B9%20%D0%B8%D1%81%D1%82%D0%BE%D1%80%D0%B8%D0%B8%20%D0%A1%D0%B5%D0%B2%D0%B5%D1%80%D0%BD%D0%BE%D0%B9%20%D0%9E%D1%81%D0%B5%D1%82%D0%B8%D0%B8%20-%201975.djvu;djvu;yes;ossetian;russian;ru;rus_Cyrl;ru;russian
Теплицкий И.З., Цагаев Н.Дз. - Памятники материальной культуры Северной Осетии - 1963.djvu;https://cloud.mail.ru/public/Cbc3/kLSNPK3A3/%D0%90%D0%A0%D0%A5%D0%95%D0%9E%D0%9B%D0%9E%D0%93%D0%98%D0%AF/%D0%A0%D0%B0%D0%B7%D0%BD%D0%BE%D0%B5%201/%D0%9F%D0%B0%D0%BC%D1%8F%D1%82%D0%BD%D0%B8%D0%BA%D0%B8%20%D0%BC%D0%B0%D1%82%D0%B5%D1%80%D0%B8%D0%B0%D0%BB%D1%8C%D0%BD%D0%BE%D0%B9%20%D0%BA%D1%83%D0%BB%D1%8C%D1%82%D1%83%D1%80%D1%8B%20%D0%A1%D0%B5%D0%B2%D0%B5%D1%80%D0%BD%D0%BE%D0%B9%20%D0%9E%D1%81%D0%B5%D1%82%D0%B8%D0%B8/%D0%A2%D0%B5%D0%BF%D0%BB%D0%B8%D1%86%D0%BA%D0%B8%D0%B9%20%D0%98.%D0%97.%2C%20%D0%A6%D0%B0%D0%B3%D0%B0%D0%B5%D0%B2%20%D0%9D.%D0%94%D0%B7.%20-%20%D0%9F%D0%B0%D0%BC%D1%8F%D1%82%D0%BD%D0%B8%D0%BA%D0%B8%20%D0%BC%D0%B0%D1%82%D0%B5%D1%80%D0%B8%D0%B0%D0%BB%D1%8C%D0%BD%D0%BE%D0%B9%20%D0%BA%D1%83%D0%BB%D1%8C%D1%82%D1%83%D1%80%D1%8B%20%D0%A1%D0%B5%D0%B2%D0%B5%D1%80%D0%BD%D0%BE%D0%B9%20%D0%9E%D1%81%D0%B5%D1%82%D0%B8%D0%B8%20-%201963.djvu;djvu;yes;russian;russian;ru;rus_Cyrl;ru;russian
Теплицкий И.З., Цагаев Н.Дз. - Памятники материальной культуры Северной Осетии - 1963.pdf;https://cloud.mail.ru/public/Cbc3/kLSNPK3A3/%D0%90%D0%A0%D0%A5%D0%95%D0%9E%D0%9B%D0%9E%D0%93%D0%98%D0%AF/%D0%A0%D0%B0%D0%B7%D0%BD%D0%BE%D0%B5%201/%D0%9F%D0%B0%D0%BC%D1%8F%D1%82%D0%BD%D0%B8%D0%BA%D0%B8%20%D0%BC%D0%B0%D1%82%D0%B5%D1%80%D0%B8%D0%B0%D0%BB%D1%8C%D0%BD%D0%BE%D0%B9%20%D0%BA%D1%83%D0%BB%D1%8C%D1%82%D1%83%D1%80%D1%8B%20%D0%A1%D0%B5%D0%B2%D0%B5%D1%80%D0%BD%D0%BE%D0%B9%20%D0%9E%D1%81%D0%B5%D1%82%D0%B8%D0%B8/%D0%A2%D0%B5%D0%BF%D0%BB%D0%B8%D1%86%D0%BA%D0%B8%D0%B9%20%D0%98.%D0%97.%2C%20%D0%A6%D0%B0%D0%B3%D0%B0%D0%B5%D0%B2%20%D0%9D.%D0%94%D0%B7.%20-%20%D0%9F%D0%B0%D0%BC%D1%8F%D1%82%D0%BD%D0%B8%D0%BA%D0%B8%20%D0%BC%D0%B0%D1%82%D0%B5%D1%80%D0%B8%D0%B0%D0%BB%D1%8C%D0%BD%D0%BE%D0%B9%20%D0%BA%D1%83%D0%BB%D1%8C%D1%82%D1%83%D1%80%D1%8B%20%D0%A1%D0%B5%D0%B2%D0%B5%D1%80%D0%BD%D0%BE%D0%B9%20%D0%9E%D1%81%D0%B5%D1%82%D0%B8%D0%B8%20-%201963.pdf;pdf;no;no text;no text;no text;no text;no text;no text
Албегова З.Х. - Раннесредневековый могильник Мамисондон - 2010.pdf;https://cloud.mail.ru/public/Cbc3/kLSNPK3A3/%D0%90%D0%A0%D0%A5%D0%95%D0%9E%D0%9B%D0%9E%D0%93%D0%98%D0%AF/%D0%A0%D0%B0%D0%B7%D0%BD%D0%BE%D0%B5%201/%D0%90%D0%BB%D0%B1%D0%B5%D0%B3%D0%BE%D0%B2%D0%B0%20%D0%97.%D0%A5.%20-%20%D0%A0%D0%B0%D0%BD%D0%BD%D0%B5%D1%81%D1%80%D0%B5%D0%B4%D0%BD%D0%B5%D0%B2%D0%B5%D0%BA%D0%BE%D0%B2%D1%8B%D0%B9%20%D0%BC%D0%BE%D0%B3%D0%B8%D0%BB%D1%8C%D0%BD%D0%B8%D0%BA%20%D0%9C%D0%B0%D0%BC%D0%B8%D1%81%D0%BE%D0%BD%D0%B4%D0%BE%D0%BD%20-%202010.pdf;pdf;no;no text;no text;no text;no text;no text;no text
Археология и вопросы социальной истории Северного Кавказа - 1984.djvu;https://cloud.mail.ru/public/Cbc3/kLSNPK3A3/%D0%90%D0%A0%D0%A5%D0%95%D0%9E%D0%9B%D0%9E%D0%93%D0%98%D0%AF/%D0%A0%D0%B0%D0%B7%D0%BD%D0%BE%D0%B5%201/%D0%90%D1%80%D1%85%D0%B5%D0%BE%D0%BB%D0%BE%D0%B3%D0%B8%D1%8F%20%D0%B8%20%D0%B2%D0%BE%D0%BF%D1%80%D0%BE%D1%81%D1%8B%20%D1%81%D0%BE%D1%86%D0%B8%D0%B0%D0%BB%D1%8C%D0%BD%D0%BE%D0%B9%20%D0%B8%D1%81%D1%82%D0%BE%D1%80%D0%B8%D0%B8%20%D0%A1%D0%B5%D0%B2%D0%B5%D1%80%D0%BD%D0%BE%D0%B3%D0%BE%20%D0%9A%D0%B0%D0%B2%D0%BA%D0%B0%D0%B7%D0%B0%20-%201984.djvu;djvu;yes;russian;russian;ru;rus_Cyrl;ru;russian
Вольная Г.Н. - Прикладное искусство населения Притеречья - 2002.djvu;https://cloud.mail.ru/public/Cbc3/kLSNPK3A3/%D0%90%D0%A0%D0%A5%D0%95%D0%9E%D0%9B%D0%9E%D0%93%D0%98%D0%AF/%D0%A0%D0%B0%D0%B7%D0%BD%D0%BE%D0%B5%201/%D0%92%D0%BE%D0%BB%D1%8C%D0%BD%D0%B0%D1%8F%20%D0%93.%D0%9D.%20-%20%D0%9F%D1%80%D0%B8%D0%BA%D0%BB%D0%B0%D0%B4%D0%BD%D0%BE%D0%B5%20%D0%B8%D1%81%D0%BA%D1%83%D1%81%D1%81%D1%82%D0%B2%D0%BE%20%D0%BD%D0%B0%D1%81%D0%B5%D0%BB%D0%B5%D0%BD%D0%B8%D1%8F%20%D0%9F%D1%80%D0%B8%D1%82%D0%B5%D1%80%D0%B5%D1%87%D1%8C%D1%8F%20-%202002.djvu;djvu;yes;ossetian;russian;ru;rus_Cyrl;ru;russian
Гаглойти Р.Х. - Памятники археологии Цх. района Южной Осетии - 2010.djvu;https://cloud.mail.ru/public/Cbc3/kLSNPK3A3/%D0%90%D0%A0%D0%A5%D0%95%D0%9E%D0%9B%D0%9E%D0%93%D0%98%D0%AF/%D0%A0%D0%B0%D0%B7%D0%BD%D0%BE%D0%B5%201/%D0%93%D0%B0%D0%B3%D0%BB%D0%BE%D0%B9%D1%82%D0%B8%20%D0%A0.%D0%A5.%20-%20%D0%9F%D0%B0%D0%BC%D1%8F%D1%82%D0%BD%D0%B8%D0%BA%D0%B8%20%D0%B0%D1%80%D1%85%D0%B5%D0%BE%D0%BB%D0%BE%D0%B3%D0%B8%D0%B8%20%D0%A6%D1%85.%20%D1%80%D0%B0%D0%B9%D0%BE%D0%BD%D0%B0%20%D0%AE%D0%B6%D0%BD%D0%BE%D0%B9%20%D0%9E%D1%81%D0%B5%D1%82%D0%B8%D0%B8%20-%202010.djvu;djvu;yes;ossetian;russian;ru;rus_Cyrl;ru;russian
Гаглойти Р.Х. - Прикладное искусство населения Южной Осетии в античное время - 2010.djvu;https://cloud.mail.ru/public/Cbc3/kLSNPK3A3/%D0%90%D0%A0%D0%A5%D0%95%D0%9E%D0%9B%D0%9E%D0%93%D0%98%D0%AF/%D0%A0%D0%B0%D0%B7%D0%BD%D0%BE%D0%B5%201/%D0%93%D0%B0%D0%B3%D0%BB%D0%BE%D0%B9%D1%82%D0%B8%20%D0%A0.%D0%A5.%20-%20%D0%9F%D1%80%D0%B8%D0%BA%D0%BB%D0%B0%D0%B4%D0%BD%D0%BE%D0%B5%20%D0%B8%D1%81%D0%BA%D1%83%D1%81%D1%81%D1%82%D0%B2%D0%BE%20%D0%BD%D0%B0%D1%81%D0%B5%D0%BB%D0%B5%D0%BD%D0%B8%D1%8F%20%D0%AE%D0%B6%D0%BD%D0%BE%D0%B9%20%D0%9E%D1%81%D0%B5%D1%82%D0%B8%D0%B8%20%D0%B2%20%D0%B0%D0%BD%D1%82%D0%B8%D1%87%D0%BD%D0%BE%D0%B5%20%D0%B2%D1%80%D0%B5%D0%BC%D1%8F%20-%202010.djvu;djvu;yes;russian;russian;ru;rus_Cyrl;ru;russian
Дзаттиаты Р.Г. - Аланские древности Даргавса - 2014.djvu;https://cloud.mail.ru/public/Cbc3/kLSNPK3A3/%D0%90%D0%A0%D0%A5%D0%95%D0%9E%D0%9B%D0%9E%D0%93%D0%98%D0%AF/%D0%A0%D0%B0%D0%B7%D0%BD%D0%BE%D0%B5%201/%D0%94%D0%B7%D0%B0%D1%82%D1%82%D0%B8%D0%B0%D1%82%D1%8B%20%D0%A0.%D0%93.%20-%20%D0%90%D0%BB%D0%B0%D0%BD%D1%81%D0%BA%D0%B8%D0%B5%20%D0%B4%D1%80%D0%B5%D0%B2%D0%BD%D0%BE%D1%81%D1%82%D0%B8%20%D0%94%D0%B0%D1%80%D0%B3%D0%B0%D0%B2%D1%81%D0%B0%20-%202014.djvu;djvu;yes;ossetian;ossetian;ru;rus_Cyrl;ru;russian
Дзаттиаты Р.Г. - Снаряжение коня и всадника - 2010.djvu;https://cloud.mail.ru/public/Cbc3/kLSNPK3A3/%D0%90%D0%A0%D0%A5%D0%95%D0%9E%D0%9B%D0%9E%D0%93%D0%98%D0%AF/%D0%A0%D0%B0%D0%B7%D0%BD%D0%BE%D0%B5%201/%D0%94%D0%B7%D0%B0%D1%82%D1%82%D0%B8%D0%B0%D1%82%D1%8B%20%D0%A0.%D0%93.%20-%20%D0%A1%D0%BD%D0%B0%D1%80%D1%8F%D0%B6%D0%B5%D0%BD%D0%B8%D0%B5%20%D0%BA%D0%BE%D0%BD%D1%8F%20%D0%B8%20%D0%B2%D1%81%D0%B0%D0%B4%D0%BD%D0%B8%D0%BA%D0%B0%20-%202010.djvu;djvu;yes;ossetian;russian;ru;rus_Cyrl;ru;russian
Дзаттиаты Р.Г. - Царциатские памятники (едысское городище и могильники) - 2006.djvu;https://cloud.mail.ru/public/Cbc3/kLSNPK3A3/%D0%90%D0%A0%D0%A5%D0%95%D0%9E%D0%9B%D0%9E%D0%93%D0%98%D0%AF/%D0%A0%D0%B0%D0%B7%D0%BD%D0%BE%D0%B5%201/%D0%94%D0%B7%D0%B0%D1%82%D1%82%D0%B8%D0%B0%D1%82%D1%8B%20%D0%A0.%D0%93.%20-%20%D0%A6%D0%B0%D1%80%D1%86%D0%B8%D0%B0%D1%82%D1%81%D0%BA%D0%B8%D0%B5%20%D0%BF%D0%B0%D0%BC%D1%8F%D1%82%D0%BD%D0%B8%D0%BA%D0%B8%20%28%D0%B5%D0%B4%D1%8B%D1%81%D1%81%D0%BA%D0%BE%D0%B5%20%D0%B3%D0%BE%D1%80%D0%BE%D0%B4%D0%B8%D1%89%D0%B5%20%D0%B8%20%D0%BC%D0%BE%D0%B3%D0%B8%D0%BB%D1%8C%D0%BD%D0%B8%D0%BA%D0%B8%29%20-%202006.djvu;djvu;yes;ossetian;ossetian;ru;rus_Cyrl;ru;russian
Козенкова В.И. - Кобанская культура и окружающий мир - 2013.djvu;https://cloud.mail.ru/public/Cbc3/kLSNPK3A3/%D0%90%D0%A0%D0%A5%D0%95%D0%9E%D0%9B%D0%9E%D0%93%D0%98%D0%AF/%D0%A0%D0%B0%D0%B7%D0%BD%D0%BE%D0%B5%201/%D0%9A%D0%BE%D0%B7%D0%B5%D0%BD%D0%BA%D0%BE%D0%B2%D0%B0%20%D0%92.%D0%98.%20-%20%D0%9A%D0%BE%D0%B1%D0%B0%D0%BD%D1%81%D0%BA%D0%B0%D1%8F%20%D0%BA%D1%83%D0%BB%D1%8C%D1%82%D1%83%D1%80%D0%B0%20%D0%B8%20%D0%BE%D0%BA%D1%80%D1%83%D0%B6%D0%B0%D1%8E%D1%89%D0%B8%D0%B9%20%D0%BC%D0%B8%D1%80%20-%202013.djvu;djvu;yes;russian;russian;ru;rus_Cyrl;ru;russian
Кочевники Азово-Каспийского междуморья (Сборник) - 1983.djvu;https://cloud.mail.ru/public/Cbc3/kLSNPK3A3/%D0%90%D0%A0%D0%A5%D0%95%D0%9E%D0%9B%D0%9E%D0%93%D0%98%D0%AF/%D0%A0%D0%B0%D0%B7%D0%BD%D0%BE%D0%B5%201/%D0%9A%D0%BE%D1%87%D0%B5%D0%B2%D0%BD%D0%B8%D0%BA%D0%B8%20%D0%90%D0%B7%D0%BE%D0%B2%D0%BE-%D0%9A%D0%B0%D1%81%D0%BF%D0%B8%D0%B9%D1%81%D0%BA%D0%BE%D0%B3%D0%BE%20%D0%BC%D0%B5%D0%B6%D0%B4%D1%83%D0%BC%D0%BE%D1%80%D1%8C%D1%8F%20%28%D0%A1%D0%B1%D0%BE%D1%80%D0%BD%D0%B8%D0%BA%29%20-%201983.djvu;djvu;yes;russian;russian;ru;rus_Cyrl;ru;russian
Крупнов Е.И. - Средневековая Ингушетия - 2008.djvu;https://cloud.mail.ru/public/Cbc3/kLSNPK3A3/%D0%90%D0%A0%D0%A5%D0%95%D0%9E%D0%9B%D0%9E%D0%93%D0%98%D0%AF/%D0%A0%D0%B0%D0%B7%D0%BD%D0%BE%D0%B5%201/%D0%9A%D1%80%D1%83%D0%BF%D0%BD%D0%BE%D0%B2%20%D0%95.%D0%98.%20-%20%D0%A1%D1%80%D0%B5%D0%B4%D0%BD%D0%B5%D0%B2%D0%B5%D0%BA%D0%BE%D0%B2%D0%B0%D1%8F%20%D0%98%D0%BD%D0%B3%D1%83%D1%88%D0%B5%D1%82%D0%B8%D1%8F%20-%202008.djvu;djvu;yes;russian;russian;ru;rus_Cyrl;ru;russian
Кузнецов В.А. - Археология Северной Осетии - 1973.djvu;https://cloud.mail.ru/public/Cbc3/kLSNPK3A3/%D0%90%D0%A0%D0%A5%D0%95%D0%9E%D0%9B%D0%9E%D0%93%D0%98%D0%AF/%D0%A0%D0%B0%D0%B7%D0%BD%D0%BE%D0%B5%202/%D0%9A%D1%83%D0%B7%D0%BD%D0%B5%D1%86%D0%BE%D0%B2%20%D0%92.%D0%90.%20-%20%D0%90%D1%80%D1%85%D0%B5%D0%BE%D0%BB%D0%BE%D0%B3%D0%B8%D1%8F%20%D0%A1%D0%B5%D0%B2%D0%B5%D1%80%D0%BD%D0%BE%D0%B9%20%D0%9E%D1%81%D0%B5%D1%82%D0%B8%D0%B8%20-%201973.djvu;djvu;yes;ossetian;ossetian;ru;rus_Cyrl;ru;russian
Кузнецов В.А. - Древности Алагирского ущелья - 2016.djvu;https://cloud.mail.ru/public/Cbc3/kLSNPK3A3/%D0%90%D0%A0%D0%A5%D0%95%D0%9E%D0%9B%D0%9E%D0%93%D0%98%D0%AF/%D0%A0%D0%B0%D0%B7%D0%BD%D0%BE%D0%B5%202/%D0%9A%D1%83%D0%B7%D0%BD%D0%B5%D1%86%D0%BE%D0%B2%20%D0%92.%D0%90.%20-%20%D0%94%D1%80%D0%B5%D0%B2%D0%BD%D0%BE%D1%81%D1%82%D0%B8%20%D0%90%D0%BB%D0%B0%D0%B3%D0%B8%D1%80%D1%81%D0%BA%D0%BE%D0%B3%D0%BE%20%D1%83%D1%89%D0%B5%D0%BB%D1%8C%D1%8F%20-%202016.djvu;djvu;yes;russian;ossetian;ru;rus_Cyrl;ru;russian
Кузнецов В.А. - Змейские аланы - 2019.djvu;https://cloud.mail.ru/public/Cbc3/kLSNPK3A3/%D0%90%D0%A0%D0%A5%D0%95%D0%9E%D0%9B%D0%9E%D0%93%D0%98%D0%AF/%D0%A0%D0%B0%D0%B7%D0%BD%D0%BE%D0%B5%202/%D0%9A%D1%83%D0%B7%D0%BD%D0%B5%D1%86%D0%BE%D0%B2%20%D0%92.%D0%90.%20-%20%D0%97%D0%BC%D0%B5%D0%B9%D1%81%D0%BA%D0%B8%D0%B5%20%D0%B0%D0%BB%D0%B0%D0%BD%D1%8B%20-%202019.djvu;djvu;yes;russian;ossetian;ru;rus_Cyrl;ru;russian
Кузнецов В.А. - Нижний Архыз в X-XII веках - 1993.djvu;https://cloud.mail.ru/public/Cbc3/kLSNPK3A3/%D0%90%D0%A0%D0%A5%D0%95%D0%9E%D0%9B%D0%9E%D0%93%D0%98%D0%AF/%D0%A0%D0%B0%D0%B7%D0%BD%D0%BE%D0%B5%202/%D0%9A%D1%83%D0%B7%D0%BD%D0%B5%D1%86%D0%BE%D0%B2%20%D0%92.%D0%90.%20-%20%D0%9D%D0%B8%D0%B6%D0%BD%D0%B8%D0%B9%20%D0%90%D1%80%D1%85%D1%8B%D0%B7%20%D0%B2%20X-XII%20%D0%B2%D0%B5%D0%BA%D0%B0%D1%85%20-%201993.djvu;djvu;yes;russian;ossetian;ru;rus_Cyrl;ru;russian
Кузнецов В.А. - Северное Приэльбрусье и Кисловодская котловина... - 2014.djvu;https://cloud.mail.ru/public/Cbc3/kLSNPK3A3/%D0%90%D0%A0%D0%A5%D0%95%D0%9E%D0%9B%D0%9E%D0%93%D0%98%D0%AF/%D0%A0%D0%B0%D0%B7%D0%BD%D0%BE%D0%B5%202/%D0%9A%D1%83%D0%B7%D0%BD%D0%B5%D1%86%D0%BE%D0%B2%20%D0%92.%D0%90.%20-%20%D0%A1%D0%B5%D0%B2%D0%B5%D1%80%D0%BD%D0%BE%D0%B5%20%D0%9F%D1%80%D0%B8%D1%8D%D0%BB%D1%8C%D0%B1%D1%80%D1%83%D1%81%D1%8C%D0%B5%20%D0%B8%20%D0%9A%D0%B8%D1%81%D0%BB%D0%BE%D0%B2%D0%BE%D0%B4%D1%81%D0%BA%D0%B0%D1%8F%20%D0%BA%D0%BE%D1%82%D0%BB%D0%BE%D0%B2%D0%B8%D0%BD%D0%B0...%20-%202014.djvu;djvu;yes;russian;russian;ru;rus_Cyrl;ru;russian
Кузнецов В.А. - Эльхотовские ворота в X-XV веках - 2003.djvu;https://cloud.mail.ru/public/Cbc3/kLSNPK3A3/%D0%90%D0%A0%D0%A5%D0%95%D0%9E%D0%9B%D0%9E%D0%93%D0%98%D0%AF/%D0%A0%D0%B0%D0%B7%D0%BD%D0%BE%D0%B5%202/%D0%9A%D1%83%D0%B7%D0%BD%D0%B5%D1%86%D0%BE%D0%B2%20%D0%92.%D0%90.%20-%20%D0%AD%D0%BB%D1%8C%D1%85%D0%BE%D1%82%D0%BE%D0%B2%D1%81%D0%BA%D0%B8%D0%B5%20%D0%B2%D0%BE%D1%80%D0%BE%D1%82%D0%B0%20%D0%B2%20X-XV%20%D0%B2%D0%B5%D0%BA%D0%B0%D1%85%20-%202003.djvu;djvu;yes;ossetian;ossetian;ru;rus_Cyrl;ru;russian
Методика исследования и интерпретация (новый повторный файл).djvu;https://cloud.mail.ru/public/Cbc3/kLSNPK3A3/%D0%90%D0%A0%D0%A5%D0%95%D0%9E%D0%9B%D0%9E%D0%93%D0%98%D0%AF/%D0%A0%D0%B0%D0%B7%D0%BD%D0%BE%D0%B5%202/%D0%9C%D0%B5%D1%82%D0%BE%D0%B4%D0%B8%D0%BA%D0%B0%20%D0%B8%D1%81%D1%81%D0%BB%D0%B5%D0%B4%D0%BE%D0%B2%D0%B0%D0%BD%D0%B8%D1%8F%20%D0%B8%20%D0%B8%D0%BD%D1%82%D0%B5%D1%80%D0%BF%D1%80%D0%B5%D1%82%D0%B0%D1%86%D0%B8%D1%8F%20%28%D0%BD%D0%BE%D0%B2%D1%8B%D0%B9%20%D0%BF%D0%BE%D0%B2%D1%82%D0%BE%D1%80%D0%BD%D1%8B%D0%B9%20%D1%84%D0%B0%D0%B9%D0%BB%29.djvu;djvu;yes;russian;ossetian;ru;rus_Cyrl;ru;russian
Методика исследования и интерпретация археологически материалов Северного Кавказа - 1988.djvu;https://cloud.mail.ru/public/Cbc3/kLSNPK3A3/%D0%90%D0%A0%D0%A5%D0%95%D0%9E%D0%9B%D0%9E%D0%93%D0%98%D0%AF/%D0%A0%D0%B0%D0%B7%D0%BD%D0%BE%D0%B5%202/%D0%9C%D0%B5%D1%82%D0%BE%D0%B4%D0%B8%D0%BA%D0%B0%20%D0%B8%D1%81%D1%81%D0%BB%D0%B5%D0%B4%D0%BE%D0%B2%D0%B0%D0%BD%D0%B8%D1%8F%20%D0%B8%20%D0%B8%D0%BD%D1%82%D0%B5%D1%80%D0%BF%D1%80%D0%B5%D1%82%D0%B0%D1%86%D0%B8%D1%8F%20%D0%B0%D1%80%D1%85%D0%B5%D0%BE%D0%BB%D0%BE%D0%B3%D0%B8%D1%87%D0%B5%D1%81%D0%BA%D0%B8%20%D0%BC%D0%B0%D1%82%D0%B5%D1%80%D0%B8%D0%B0%D0%BB%D0%BE%D0%B2%20%D0%A1%D0%B5%D0%B2%D0%B5%D1%80%D0%BD%D0%BE%D0%B3%D0%BE%20%D0%9A%D0%B0%D0%B2%D0%BA%D0%B0%D0%B7%D0%B0%20-%201988.djvu;djvu;yes;ossetian;ossetian;ru;rus_Cyrl;ru;russian
Мошинский А.П. - Древности горной Дигории VII-IV вв. до н.э. - 2006.djvu;https://cloud.mail.ru/public/Cbc3/kLSNPK3A3/%D0%90%D0%A0%D0%A5%D0%95%D0%9E%D0%9B%D0%9E%D0%93%D0%98%D0%AF/%D0%A0%D0%B0%D0%B7%D0%BD%D0%BE%D0%B5%202/%D0%9C%D0%BE%D1%88%D0%B8%D0%BD%D1%81%D0%BA%D0%B8%D0%B9%20%D0%90.%D0%9F.%20-%20%D0%94%D1%80%D0%B5%D0%B2%D0%BD%D0%BE%D1%81%D1%82%D0%B8%20%D0%B3%D0%BE%D1%80%D0%BD%D0%BE%D0%B9%20%D0%94%D0%B8%D0%B3%D0%BE%D1%80%D0%B8%D0%B8%20VII-IV%20%D0%B2%D0%B2.%20%D0%B4%D0%BE%20%D0%BD.%D1%8D.%20-%202006.djvu;djvu;yes;russian;ossetian;ru;rus_Cyrl;ru;russian
Нечаева Л.Г. - Происхождение осетин - 2021.djvu;https://cloud.mail.ru/public/Cbc3/kLSNPK3A3/%D0%90%D0%A0%D0%A5%D0%95%D0%9E%D0%9B%D0%9E%D0%93%D0%98%D0%AF/%D0%A0%D0%B0%D0%B7%D0%BD%D0%BE%D0%B5%202/%D0%9D%D0%B5%D1%87%D0%B0%D0%B5%D0%B2%D0%B0%20%D0%9B.%D0%93.%20-%20%D0%9F%D1%80%D0%BE%D0%B8%D1%81%D1%85%D0%BE%D0%B6%D0%B4%D0%B5%D0%BD%D0%B8%D0%B5%20%D0%BE%D1%81%D0%B5%D1%82%D0%B8%D0%BD%20-%202021.djvu;djvu;yes;russian;russian;ru;rus_Cyrl;ru;russian
Новые материалы по археологии Кавказа в древности и средневековье - 1986.djvu;https://cloud.mail.ru/public/Cbc3/kLSNPK3A3/%D0%90%D0%A0%D0%A5%D0%95%D0%9E%D0%9B%D0%9E%D0%93%D0%98%D0%AF/%D0%A0%D0%B0%D0%B7%D0%BD%D0%BE%D0%B5%202/%D0%9D%D0%BE%D0%B2%D1%8B%D0%B5%20%D0%BC%D0%B0%D1%82%D0%B5%D1%80%D0%B8%D0%B0%D0%BB%D1%8B%20%D0%BF%D0%BE%20%D0%B0%D1%80%D1%85%D0%B5%D0%BE%D0%BB%D0%BE%D0%B3%D0%B8%D0%B8%20%D0%9A%D0%B0%D0%B2%D0%BA%D0%B0%D0%B7%D0%B0%20%D0%B2%20%D0%B4%D1%80%D0%B5%D0%B2%D0%BD%D0%BE%D1%81%D1%82%D0%B8%20%D0%B8%20%D1%81%D1%80%D0%B5%D0%B4%D0%BD%D0%B5%D0%B2%D0%B5%D0%BA%D0%BE%D0%B2%D1%8C%D0%B5%20-%201986.djvu;djvu;yes;ossetian;ossetian;ru;rus_Cyrl;ru;russian
Сланов А.Х. - Сохтинский могильник - 1988.djvu;https://cloud.mail.ru/public/Cbc3/kLSNPK3A3/%D0%90%D0%A0%D0%A5%D0%95%D0%9E%D0%9B%D0%9E%D0%93%D0%98%D0%AF/%D0%A0%D0%B0%D0%B7%D0%BD%D0%BE%D0%B5%202/%D0%A1%D0%BB%D0%B0%D0%BD%D0%BE%D0%B2%20%D0%90.%D0%A5.%20-%20%D0%A1%D0%BE%D1%85%D1%82%D0%B8%D0%BD%D1%81%D0%BA%D0%B8%D0%B9%20%D0%BC%D0%BE%D0%B3%D0%B8%D0%BB%D1%8C%D0%BD%D0%B8%D0%BA%20-%201988.djvu;djvu;yes;russian;ossetian;ru;rus_Cyrl;ru;russian
Средневековые памятники Северной Осетии - 1963.djvu;https://cloud.mail.ru/public/Cbc3/kLSNPK3A3/%D0%90%D0%A0%D0%A5%D0%95%D0%9E%D0%9B%D0%9E%D0%93%D0%98%D0%AF/%D0%A0%D0%B0%D0%B7%D0%BD%D0%BE%D0%B5%202/%D0%A1%D1%80%D0%B5%D0%B4%D0%BD%D0%B5%D0%B2%D0%B5%D0%BA%D0%BE%D0%B2%D1%8B%D0%B5%20%D0%BF%D0%B0%D0%BC%D1%8F%D1%82%D0%BD%D0%B8%D0%BA%D0%B8%20%D0%A1%D0%B5%D0%B2%D0%B5%D1%80%D0%BD%D0%BE%D0%B9%20%D0%9E%D1%81%D0%B5%D1%82%D0%B8%D0%B8%20-%201963.djvu;djvu;yes;russian;russian;ru;rus_Cyrl;ru;russian
Техов Б.В. - Археология южной части Осетии - 2006.djvu;https://cloud.mail.ru/public/Cbc3/kLSNPK3A3/%D0%90%D0%A0%D0%A5%D0%95%D0%9E%D0%9B%D0%9E%D0%93%D0%98%D0%AF/%D0%A0%D0%B0%D0%B7%D0%BD%D0%BE%D0%B5%202/%D0%A2%D0%B5%D1%85%D0%BE%D0%B2%20%D0%91.%D0%92.%20-%20%D0%90%D1%80%D1%85%D0%B5%D0%BE%D0%BB%D0%BE%D0%B3%D0%B8%D1%8F%20%D1%8E%D0%B6%D0%BD%D0%BE%D0%B9%20%D1%87%D0%B0%D1%81%D1%82%D0%B8%20%D0%9E%D1%81%D0%B5%D1%82%D0%B8%D0%B8%20-%202006.djvu;djvu;yes;russian;ossetian;ru;rus_Cyrl;ru;russian
Техов Б.В. - Новый памятник эпохи поздней бронзы в Южной Осетии - 2000.djvu;https://cloud.mail.ru/public/Cbc3/kLSNPK3A3/%D0%90%D0%A0%D0%A5%D0%95%D0%9E%D0%9B%D0%9E%D0%93%D0%98%D0%AF/%D0%A0%D0%B0%D0%B7%D0%BD%D0%BE%D0%B5%202/%D0%A2%D0%B5%D1%85%D0%BE%D0%B2%20%D0%91.%D0%92.%20-%20%D0%9D%D0%BE%D0%B2%D1%8B%D0%B9%20%D0%BF%D0%B0%D0%BC%D1%8F%D1%82%D0%BD%D0%B8%D0%BA%20%D1%8D%D0%BF%D0%BE%D1%85%D0%B8%20%D0%BF%D0%BE%D0%B7%D0%B4%D0%BD%D0%B5%D0%B9%20%D0%B1%D1%80%D0%BE%D0%BD%D0%B7%D1%8B%20%D0%B2%20%D0%AE%D0%B6%D0%BD%D0%BE%D0%B9%20%D0%9E%D1%81%D0%B5%D1%82%D0%B8%D0%B8%20-%202000.djvu;djvu;yes;russian;russian;ru;rus_Cyrl;ru;russian
Техов Б.В. - Тайны древних погребений - 2002.djvu;https://cloud.mail.ru/public/Cbc3/kLSNPK3A3/%D0%90%D0%A0%D0%A5%D0%95%D0%9E%D0%9B%D0%9E%D0%93%D0%98%D0%AF/%D0%A0%D0%B0%D0%B7%D0%BD%D0%BE%D0%B5%202/%D0%A2%D0%B5%D1%85%D0%BE%D0%B2%20%D0%91.%D0%92.%20-%20%D0%A2%D0%B0%D0%B9%D0%BD%D1%8B%20%D0%B4%D1%80%D0%B5%D0%B2%D0%BD%D0%B8%D1%85%20%D0%BF%D0%BE%D0%B3%D1%80%D0%B5%D0%B1%D0%B5%D0%BD%D0%B8%D0%B9%20-%202002.djvu;djvu;yes;russian;russian;ru;rus_Cyrl;ru;russian
Хронология памятников Бронзового века Северного Кавказа - 1982.djvu;https://cloud.mail.ru/public/Cbc3/kLSNPK3A3/%D0%90%D0%A0%D0%A5%D0%95%D0%9E%D0%9B%D0%9E%D0%93%D0%98%D0%AF/%D0%A0%D0%B0%D0%B7%D0%BD%D0%BE%D0%B5%202/%D0%A5%D1%80%D0%BE%D0%BD%D0%BE%D0%BB%D0%BE%D0%B3%D0%B8%D1%8F%20%D0%BF%D0%B0%D0%BC%D1%8F%D1%82%D0%BD%D0%B8%D0%BA%D0%BE%D0%B2%20%D0%91%D1%80%D0%BE%D0%BD%D0%B7%D0%BE%D0%B2%D0%BE%D0%B3%D0%BE%20%D0%B2%D0%B5%D0%BA%D0%B0%20%D0%A1%D0%B5%D0%B2%D0%B5%D1%80%D0%BD%D0%BE%D0%B3%D0%BE%20%D0%9A%D0%B0%D0%B2%D0%BA%D0%B0%D0%B7%D0%B0%20-%201982.djvu;djvu;yes;russian;russian;ru;rus_Cyrl;ru;russian
Археология, этнография и языки Кавказав наследии Е.Г. Пчелиной - 2019.djvu;https://cloud.mail.ru/public/Cbc3/kLSNPK3A3/%D0%90%D0%A0%D0%A5%D0%95%D0%9E%D0%9B%D0%9E%D0%93%D0%98%D0%AF/%D0%A0%D0%B0%D0%B7%D0%BD%D0%BE%D0%B5%203/%D0%90%D1%80%D1%85%D0%B5%D0%BE%D0%BB%D0%BE%D0%B3%D0%B8%D1%8F%2C%20%D1%8D%D1%82%D0%BD%D0%BE%D0%B3%D1%80%D0%B0%D1%84%D0%B8%D1%8F%20%D0%B8%20%D1%8F%D0%B7%D1%8B%D0%BA%D0%B8%20%D0%9A%D0%B0%D0%B2%D0%BA%D0%B0%D0%B7%D0%B0%D0%B2%20%D0%BD%D0%B0%D1%81%D0%BB%D0%B5%D0%B4%D0%B8%D0%B8%20%D0%95.%D0%93.%20%D0%9F%D1%87%D0%B5%D0%BB%D0%B8%D0%BD%D0%BE%D0%B9%20-%202019/%D0%90%D1%80%D1%85%D0%B5%D0%BE%D0%BB%D0%BE%D0%B3%D0%B8%D1%8F%2C%20%D1%8D%D1%82%D0%BD%D0%BE%D0%B3%D1%80%D0%B0%D1%84%D0%B8%D1%8F%20%D0%B8%20%D1%8F%D0%B7%D1%8B%D0%BA%D0%B8%20%D0%9A%D0%B0%D0%B2%D0%BA%D0%B0%D0%B7%D0%B0%D0%B2%20%D0%BD%D0%B0%D1%81%D0%BB%D0%B5%D0%B4%D0%B8%D0%B8%20%D0%95.%D0%93.%20%D0%9F%D1%87%D0%B5%D0%BB%D0%B8%D0%BD%D0%BE%D0%B9%20-%202019.djvu;djvu;yes;russian;russian;ru;rus_Cyrl;ru;russian
Археология, этнография и языки Кавказав наследии Е.Г. Пчелиной - 2019.pdf;https://cloud.mail.ru/public/Cbc3/kLSNPK3A3/%D0%90%D0%A0%D0%A5%D0%95%D0%9E%D0%9B%D0%9E%D0%93%D0%98%D0%AF/%D0%A0%D0%B0%D0%B7%D0%BD%D0%BE%D0%B5%203/%D0%90%D1%80%D1%85%D0%B5%D0%BE%D0%BB%D0%BE%D0%B3%D0%B8%D1%8F%2C%20%D1%8D%D1%82%D0%BD%D0%BE%D0%B3%D1%80%D0%B0%D1%84%D0%B8%D1%8F%20%D0%B8%20%D1%8F%D0%B7%D1%8B%D0%BA%D0%B8%20%D0%9A%D0%B0%D0%B2%D0%BA%D0%B0%D0%B7%D0%B0%D0%B2%20%D0%BD%D0%B0%D1%81%D0%BB%D0%B5%D0%B4%D0%B8%D0%B8%20%D0%95.%D0%93.%20%D0%9F%D1%87%D0%B5%D0%BB%D0%B8%D0%BD%D0%BE%D0%B9%20-%202019/%D0%90%D1%80%D1%85%D0%B5%D0%BE%D0%BB%D0%BE%D0%B3%D0%B8%D1%8F%2C%20%D1%8D%D1%82%D0%BD%D0%BE%D0%B3%D1%80%D0%B0%D1%84%D0%B8%D1%8F%20%D0%B8%20%D1%8F%D0%B7%D1%8B%D0%BA%D0%B8%20%D0%9A%D0%B0%D0%B2%D0%BA%D0%B0%D0%B7%D0%B0%D0%B2%20%D0%BD%D0%B0%D1%81%D0%BB%D0%B5%D0%B4%D0%B8%D0%B8%20%D0%95.%D0%93.%20%D0%9F%D1%87%D0%B5%D0%BB%D0%B8%D0%BD%D0%BE%D0%B9%20-%202019.pdf;pdf;no;no text;no text;no text;no text;no text;no text
Археология, этнография и языки Кавказа. Вып. 4 - 2023.pdf;https://cloud.mail.ru/public/Cbc3/kLSNPK3A3/%D0%90%D0%A0%D0%A5%D0%95%D0%9E%D0%9B%D0%9E%D0%93%D0%98%D0%AF/%D0%A0%D0%B0%D0%B7%D0%BD%D0%BE%D0%B5%203/%D0%90%D1%80%D1%85%D0%B5%D0%BE%D0%BB%D0%BE%D0%B3%D0%B8%D1%8F%2C%20%D1%8D%D1%82%D0%BD%D0%BE%D0%B3%D1%80%D0%B0%D1%84%D0%B8%D1%8F%20%D0%B8%20%D1%8F%D0%B7%D1%8B%D0%BA%D0%B8%20%D0%9A%D0%B0%D0%B2%D0%BA%D0%B0%D0%B7%D0%B0.%20%D0%92%D1%8B%D0%BF.%204%20-%202023.pdf;pdf;no;no text;no text;no text;no text;no text;no text
Дзаттиаты Р.Г. - Царциаты калак - 2023.djvu;https://cloud.mail.ru/public/Cbc3/kLSNPK3A3/%D0%90%D0%A0%D0%A5%D0%95%D0%9E%D0%9B%D0%9E%D0%93%D0%98%D0%AF/%D0%A0%D0%B0%D0%B7%D0%BD%D0%BE%D0%B5%203/%D0%94%D0%B7%D0%B0%D1%82%D1%82%D0%B8%D0%B0%D1%82%D1%8B%20%D0%A0.%D0%93.%20-%20%D0%A6%D0%B0%D1%80%D1%86%D0%B8%D0%B0%D1%82%D1%8B%20%D0%BA%D0%B0%D0%BB%D0%B0%D0%BA%20-%202023.djvu;djvu;yes;ossetian;ossetian;ru;rus_Cyrl;ru;russian
Дзуцев Ф.С. - Бесланский археологич. комплекс раннеалан. эпохи - 2015.djvu;https://cloud.mail.ru/public/Cbc3/kLSNPK3A3/%D0%90%D0%A0%D0%A5%D0%95%D0%9E%D0%9B%D0%9E%D0%93%D0%98%D0%AF/%D0%A0%D0%B0%D0%B7%D0%BD%D0%BE%D0%B5%203/%D0%94%D0%B7%D1%83%D1%86%D0%B5%D0%B2%20%D0%A4.%D0%A1.%20-%20%D0%91%D0%B5%D1%81%D0%BB%D0%B0%D0%BD%D1%81%D0%BA%D0%B8%D0%B9%20%D0%B0%D1%80%D1%85%D0%B5%D0%BE%D0%BB%D0%BE%D0%B3%D0%B8%D1%87.%20%D0%BA%D0%BE%D0%BC%D0%BF%D0%BB%D0%B5%D0%BA%D1%81%20%D1%80%D0%B0%D0%BD%D0%BD%D0%B5%D0%B0%D0%BB%D0%B0%D0%BD.%20%D1%8D%D0%BF%D0%BE%D1%85%D0%B8%20-%202015.djvu;djvu;yes;russian;russian;ru;rus_Cyrl;ru;russian
Ковалевская В.Б. - Геногеография и археология Кавказа - культурогенез алан - 2022.djvu;https://cloud.mail.ru/public/Cbc3/kLSNPK3A3/%D0%90%D0%A0%D0%A5%D0%95%D0%9E%D0%9B%D0%9E%D0%93%D0%98%D0%AF/%D0%A0%D0%B0%D0%B7%D0%BD%D0%BE%D0%B5%203/%D0%9A%D0%BE%D0%B2%D0%B0%D0%BB%D0%B5%D0%B2%D1%81%D0%BA%D0%B0%D1%8F%20%D0%92.%D0%91.%20-%20%D0%93%D0%B5%D0%BD%D0%BE%D0%B3%D0%B5%D0%BE%D0%B3%D1%80%D0%B0%D1%84%D0%B8%D1%8F%20%D0%B8%20%D0%B0%D1%80%D1%85%D0%B5%D0%BE%D0%BB%D0%BE%D0%B3%D0%B8%D1%8F%20%D0%9A%D0%B0%D0%B2%D0%BA%D0%B0%D0%B7%D0%B0%20-%20%D0%BA%D1%83%D0%BB%D1%8C%D1%82%D1%83%D1%80%D0%BE%D0%B3%D0%B5%D0%BD%D0%B5%D0%B7%20%D0%B0%D0%BB%D0%B0%D0%BD%20-%202022.djvu;djvu;yes;russian;russian;ru;rus_Cyrl;ru;russian
Коробов Д.С. - Социальная организация алан Северного Кавказа IV-IX вв - 2003.djvu;https://cloud.mail.ru/public/Cbc3/kLSNPK3A3/%D0%90%D0%A0%D0%A5%D0%95%D0%9E%D0%9B%D0%9E%D0%93%D0%98%D0%AF/%D0%A0%D0%B0%D0%B7%D0%BD%D0%BE%D0%B5%203/%D0%9A%D0%BE%D1%80%D0%BE%D0%B1%D0%BE%D0%B2%20%D0%94.%D0%A1.%20-%20%D0%A1%D0%BE%D1%86%D0%B8%D0%B0%D0%BB%D1%8C%D0%BD%D0%B0%D1%8F%20%D0%BE%D1%80%D0%B3%D0%B0%D0%BD%D0%B8%D0%B7%D0%B0%D1%86%D0%B8%D1%8F%20%D0%B0%D0%BB%D0%B0%D0%BD%20%D0%A1%D0%B5%D0%B2%D0%B5%D1%80%D0%BD%D0%BE%D0%B3%D0%BE%20%D0%9A%D0%B0%D0%B2%D0%BA%D0%B0%D0%B7%D0%B0%20IV-IX%20%D0%B2%D0%B2%20-%202003.djvu;djvu;yes;russian;russian;ru;rus_Cyrl;ru;russian
Крупнов Е.И. - Древности Чечено-Ингушетии - 1963.djvu;https://cloud.mail.ru/public/Cbc3/kLSNPK3A3/%D0%90%D0%A0%D0%A5%D0%95%D0%9E%D0%9B%D0%9E%D0%93%D0%98%D0%AF/%D0%A0%D0%B0%D0%B7%D0%BD%D0%BE%D0%B5%203/%D0%9A%D1%80%D1%83%D0%BF%D0%BD%D0%BE%D0%B2%20%D0%95.%D0%98.%20-%20%D0%94%D1%80%D0%B5%D0%B2%D0%BD%D0%BE%D1%81%D1%82%D0%B8%20%D0%A7%D0%B5%D1%87%D0%B5%D0%BD%D0%BE-%D0%98%D0%BD%D0%B3%D1%83%D1%88%D0%B5%D1%82%D0%B8%D0%B8%20-%201963.djvu;djvu;yes;russian;russian;ru;rus_Cyrl;ru;russian
Кузнецов В.А. - Древности Куртатинского ущелья - 2014.djvu;https://cloud.mail.ru/public/Cbc3/kLSNPK3A3/%D0%90%D0%A0%D0%A5%D0%95%D0%9E%D0%9B%D0%9E%D0%93%D0%98%D0%AF/%D0%A0%D0%B0%D0%B7%D0%BD%D0%BE%D0%B5%203/%D0%9A%D1%83%D0%B7%D0%BD%D0%B5%D1%86%D0%BE%D0%B2%20%D0%92.%D0%90.%20-%20%D0%94%D1%80%D0%B5%D0%B2%D0%BD%D0%BE%D1%81%D1%82%D0%B8%20%D0%9A%D1%83%D1%80%D1%82%D0%B0%D1%82%D0%B8%D0%BD%D1%81%D0%BA%D0%BE%D0%B3%D0%BE%20%D1%83%D1%89%D0%B5%D0%BB%D1%8C%D1%8F%20-%202014.djvu;djvu;yes;ossetian;ossetian;ru;rus_Cyrl;ru;russian
Гольдштейн А.Ф. - Средневековое зодчество Чечено-Ингушетии и Северной Осетии – 1975.djvu;https://cloud.mail.ru/public/Cbc3/kLSNPK3A3/%D0%90%D0%A0%D0%A5%D0%98%D0%A2%D0%95%D0%9A%D0%A2%D0%A3%D0%A0%D0%90/%D0%9F%D0%B0%D0%BF%D0%BA%D0%B0%201/%D0%93%D0%BE%D0%BB%D1%8C%D0%B4%D1%88%D1%82%D0%B5%D0%B9%D0%BD%20-%20%D0%A1%D1%80%D0%B5%D0%B4%D0%BD%D0%B5%D0%B2%D0%B5%D0%BA%D0%BE%D0%B2%D0%BE%D0%B5%20%D0%B7%D0%BE%D0%B4%D1%87%D0%B5%D1%81%D1%82%D0%B2%D0%BE%20%D0%A7%D0%B5%D1%87%D0%B5%D0%BD%D0%BE-%D0%98%D0%BD%D0%B3%D1%83%D1%88%D0%B5%D1%82%D0%B8%D0%B8%20%D0%B8%20%D0%A1%D0%B5%D0%B2%D0%B5%D1%80%D0%BD%D0%BE%D0%B9%20%D0%9E%D1%81%D0%B5%D1%82%D0%B8%D0%B8%20%E2%80%93%201975/%D0%93%D0%BE%D0%BB%D1%8C%D0%B4%D1%88%D1%82%D0%B5%D0%B9%D0%BD%20%D0%90.%D0%A4.%20-%20%D0%A1%D1%80%D0%B5%D0%B4%D0%BD%D0%B5%D0%B2%D0%B5%D0%BA%D0%BE%D0%B2%D0%BE%D0%B5%20%D0%B7%D0%BE%D0%B4%D1%87%D0%B5%D1%81%D1%82%D0%B2%D0%BE%20%D0%A7%D0%B5%D1%87%D0%B5%D0%BD%D0%BE-%D0%98%D0%BD%D0%B3%D1%83%D1%88%D0%B5%D1%82%D0%B8%D0%B8%20%D0%B8%20%D0%A1%D0%B5%D0%B2%D0%B5%D1%80%D0%BD%D0%BE%D0%B9%20%D0%9E%D1%81%D0%B5%D1%82%D0%B8%D0%B8%20%E2%80%93%201975.djvu;djvu;yes;russian;russian;ru;rus_Cyrl;ru;russian
Гольдштейн А.Ф. - Средневековое зодчество Чечено-Ингушетии и Северной Осетии – 1975.pdf;https://cloud.mail.ru/public/Cbc3/kLSNPK3A3/%D0%90%D0%A0%D0%A5%D0%98%D0%A2%D0%95%D0%9A%D0%A2%D0%A3%D0%A0%D0%90/%D0%9F%D0%B0%D0%BF%D0%BA%D0%B0%201/%D0%93%D0%BE%D0%BB%D1%8C%D0%B4%D1%88%D1%82%D0%B5%D0%B9%D0%BD%20-%20%D0%A1%D1%80%D0%B5%D0%B4%D0%BD%D0%B5%D0%B2%D0%B5%D0%BA%D0%BE%D0%B2%D0%BE%D0%B5%20%D0%B7%D0%BE%D0%B4%D1%87%D0%B5%D1%81%D1%82%D0%B2%D0%BE%20%D0%A7%D0%B5%D1%87%D0%B5%D0%BD%D0%BE-%D0%98%D0%BD%D0%B3%D1%83%D1%88%D0%B5%D1%82%D0%B8%D0%B8%20%D0%B8%20%D0%A1%D0%B5%D0%B2%D0%B5%D1%80%D0%BD%D0%BE%D0%B9%20%D0%9E%D1%81%D0%B5%D1%82%D0%B8%D0%B8%20%E2%80%93%201975/%D0%93%D0%BE%D0%BB%D1%8C%D0%B4%D1%88%D1%82%D0%B5%D0%B9%D0%BD%20%D0%90.%D0%A4.%20-%20%D0%A1%D1%80%D0%B5%D0%B4%D0%BD%D0%B5%D0%B2%D0%B5%D0%BA%D0%BE%D0%B2%D0%BE%D0%B5%20%D0%B7%D0%BE%D0%B4%D1%87%D0%B5%D1%81%D1%82%D0%B2%D0%BE%20%D0%A7%D0%B5%D1%87%D0%B5%D0%BD%D0%BE-%D0%98%D0%BD%D0%B3%D1%83%D1%88%D0%B5%D1%82%D0%B8%D0%B8%20%D0%B8%20%D0%A1%D0%B5%D0%B2%D0%B5%D1%80%D0%BD%D0%BE%D0%B9%20%D0%9E%D1%81%D0%B5%D1%82%D0%B8%D0%B8%20%E2%80%93%201975.pdf;pdf;no;no text;no text;no text;no text;no text;no text
Кокиев Г. - Склеповые сооружения горной Осетии - 1928.djvu;https://cloud.mail.ru/public/Cbc3/kLSNPK3A3/%D0%90%D0%A0%D0%A5%D0%98%D0%A2%D0%95%D0%9A%D0%A2%D0%A3%D0%A0%D0%90/%D0%9F%D0%B0%D0%BF%D0%BA%D0%B0%201/%D0%9A%D0%BE%D0%BA%D0%B8%D0%B5%D0%B2%20%D0%93.%20-%20%D0%A1%D0%BA%D0%BB%D0%B5%D0%BF%D0%BE%D0%B2%D1%8B%D0%B5%20%D1%81%D0%BE%D0%BE%D1%80%D1%83%D0%B6%D0%B5%D0%BD%D0%B8%D1%8F%20%D0%B3%D0%BE%D1%80%D0%BD%D0%BE%D0%B9%20%D0%9E%D1%81%D0%B5%D1%82%D0%B8%D0%B8%20-%201928/%D0%9A%D0%BE%D0%BA%D0%B8%D0%B5%D0%B2%20%D0%93.%20-%20%D0%A1%D0%BA%D0%BB%D0%B5%D0%BF%D0%BE%D0%B2%D1%8B%D0%B5%20%D1%81%D0%BE%D0%BE%D1%80%D1%83%D0%B6%D0%B5%D0%BD%D0%B8%D1%8F%20%D0%B3%D0%BE%D1%80%D0%BD%D0%BE%D0%B9%20%D0%9E%D1%81%D0%B5%D1%82%D0%B8%D0%B8%20-%201928.djvu;djvu;yes;russian;russian;ru;rus_Cyrl;ru;russian
Кокиев Г. - Склеповые сооружения горной Осетии - 1928.pdf;https://cloud.mail.ru/public/Cbc3/kLSNPK3A3/%D0%90%D0%A0%D0%A5%D0%98%D0%A2%D0%95%D0%9A%D0%A2%D0%A3%D0%A0%D0%90/%D0%9F%D0%B0%D0%BF%D0%BA%D0%B0%201/%D0%9A%D0%BE%D0%BA%D0%B8%D0%B5%D0%B2%20%D0%93.%20-%20%D0%A1%D0%BA%D0%BB%D0%B5%D0%BF%D0%BE%D0%B2%D1%8B%D0%B5%20%D1%81%D0%BE%D0%BE%D1%80%D1%83%D0%B6%D0%B5%D0%BD%D0%B8%D1%8F%20%D0%B3%D0%BE%D1%80%D0%BD%D0%BE%D0%B9%20%D0%9E%D1%81%D0%B5%D1%82%D0%B8%D0%B8%20-%201928/%D0%9A%D0%BE%D0%BA%D0%B8%D0%B5%D0%B2%20%D0%93.%20-%20%D0%A1%D0%BA%D0%BB%D0%B5%D0%BF%D0%BE%D0%B2%D1%8B%D0%B5%20%D1%81%D0%BE%D0%BE%D1%80%D1%83%D0%B6%D0%B5%D0%BD%D0%B8%D1%8F%20%D0%B3%D0%BE%D1%80%D0%BD%D0%BE%D0%B9%20%D0%9E%D1%81%D0%B5%D1%82%D0%B8%D0%B8%20-%201928.pdf;pdf;no;no text;no text;no text;no text;no text;no text
Цаллагов С.Ф. - Избранные научные труды - 2014.djvu;https://cloud.mail.ru/public/Cbc3/kLSNPK3A3/%D0%90%D0%A0%D0%A5%D0%98%D0%A2%D0%95%D0%9A%D0%A2%D0%A3%D0%A0%D0%90/%D0%9F%D0%B0%D0%BF%D0%BA%D0%B0%201/%D0%A6%D0%B0%D0%BB%D0%BB%D0%B0%D0%B3%D0%BE%D0%B2%20%D0%A1.%D0%A4.%20-%20%D0%98%D0%B7%D0%B1%D1%80%D0%B0%D0%BD%D0%BD%D1%8B%D0%B5%20%D0%BD%D0%B0%D1%83%D1%87%D0%BD%D1%8B%D0%B5%20%D1%82%D1%80%D1%83%D0%B4%D1%8B%20-%202014/%D0%A6%D0%B0%D0%BB%D0%BB%D0%B0%D0%B3%D0%BE%D0%B2%20%D0%A1.%D0%A4.%20-%20%D0%98%D0%B7%D0%B1%D1%80%D0%B0%D0%BD%D0%BD%D1%8B%D0%B5%20%D0%BD%D0%B0%D1%83%D1%87%D0%BD%D1%8B%D0%B5%20%D1%82%D1%80%D1%83%D0%B4%D1%8B%20-%202014.djvu;djvu;yes;ossetian;russian;ru;rus_Cyrl;ru;russian
Цаллагов С.Ф. - Избранные научные труды - 2014.pdf;https://cloud.mail.ru/public/Cbc3/kLSNPK3A3/%D0%90%D0%A0%D0%A5%D0%98%D0%A2%D0%95%D0%9A%D0%A2%D0%A3%D0%A0%D0%90/%D0%9F%D0%B0%D0%BF%D0%BA%D0%B0%201/%D0%A6%D0%B0%D0%BB%D0%BB%D0%B0%D0%B3%D0%BE%D0%B2%20%D0%A1.%D0%A4.%20-%20%D0%98%D0%B7%D0%B1%D1%80%D0%B0%D0%BD%D0%BD%D1%8B%D0%B5%20%D0%BD%D0%B0%D1%83%D1%87%D0%BD%D1%8B%D0%B5%20%D1%82%D1%80%D1%83%D0%B4%D1%8B%20-%202014/%D0%A6%D0%B0%D0%BB%D0%BB%D0%B0%D0%B3%D0%BE%D0%B2%20%D0%A1.%D0%A4.%20-%20%D0%98%D0%B7%D0%B1%D1%80%D0%B0%D0%BD%D0%BD%D1%8B%D0%B5%20%D0%BD%D0%B0%D1%83%D1%87%D0%BD%D1%8B%D0%B5%20%D1%82%D1%80%D1%83%D0%B4%D1%8B%20-%202014.pdf;pdf;no;no text;no text;no text;no text;no text;no text
Бесолов В. - Памятники армянского зодчества в Северной Осетии - 1978.djvu;https://cloud.mail.ru/public/Cbc3/kLSNPK3A3/%D0%90%D0%A0%D0%A5%D0%98%D0%A2%D0%95%D0%9A%D0%A2%D0%A3%D0%A0%D0%90/%D0%9F%D0%B0%D0%BF%D0%BA%D0%B0%201/%D0%91%D0%B5%D1%81%D0%BE%D0%BB%D0%BE%D0%B2%20%D0%92.%20-%20%D0%9F%D0%B0%D0%BC%D1%8F%D1%82%D0%BD%D0%B8%D0%BA%D0%B8%20%D0%B0%D1%80%D0%BC%D1%8F%D0%BD%D1%81%D0%BA%D0%BE%D0%B3%D0%BE%20%D0%B7%D0%BE%D0%B4%D1%87%D0%B5%D1%81%D1%82%D0%B2%D0%B0%20%D0%B2%20%D0%A1%D0%B5%D0%B2%D0%B5%D1%80%D0%BD%D0%BE%D0%B9%20%D0%9E%D1%81%D0%B5%D1%82%D0%B8%D0%B8%20-%201978.djvu;djvu;yes;armenian;russian;ru;rus_Cyrl;ru;russian
Гольдштейн А.Ф. - Башни в горах - 1977.doc;https://cloud.mail.ru/public/Cbc3/kLSNPK3A3/%D0%90%D0%A0%D0%A5%D0%98%D0%A2%D0%95%D0%9A%D0%A2%D0%A3%D0%A0%D0%90/%D0%9F%D0%B0%D0%BF%D0%BA%D0%B0%201/%D0%93%D0%BE%D0%BB%D1%8C%D0%B4%D1%88%D1%82%D0%B5%D0%B9%D0%BD%20%D0%90.%D0%A4.%20-%20%D0%91%D0%B0%D1%88%D0%BD%D0%B8%20%D0%B2%20%D0%B3%D0%BE%D1%80%D0%B0%D1%85%20-%201977.doc;doc;yes;unknown;russian;unknown;mbf_Latn;en;russian
Д.В. Белецкий - Н. Архыз и Сенты древнейшие храмы России. Проблемы христианского искусства Алании и Кавказа. 2011.pdf;https://cloud.mail.ru/public/Cbc3/kLSNPK3A3/%D0%90%D0%A0%D0%A5%D0%98%D0%A2%D0%95%D0%9A%D0%A2%D0%A3%D0%A0%D0%90/%D0%9F%D0%B0%D0%BF%D0%BA%D0%B0%201/%D0%94.%D0%92.%20%D0%91%D0%B5%D0%BB%D0%B5%D1%86%D0%BA%D0%B8%D0%B9%20-%20%D0%9D.%20%D0%90%D1%80%D1%85%D1%8B%D0%B7%20%D0%B8%20%D0%A1%D0%B5%D0%BD%D1%82%D1%8B%20%D0%B4%D1%80%D0%B5%D0%B2%D0%BD%D0%B5%D0%B9%D1%88%D0%B8%D0%B5%20%D1%85%D1%80%D0%B0%D0%BC%D1%8B%20%D0%A0%D0%BE%D1%81%D1%81%D0%B8%D0%B8.%20%D0%9F%D1%80%D0%BE%D0%B1%D0%BB%D0%B5%D0%BC%D1%8B%20%D1%85%D1%80%D0%B8%D1%81%D1%82%D0%B8%D0%B0%D0%BD%D1%81%D0%BA%D0%BE%D0%B3%D0%BE%20%D0%B8%D1%81%D0%BA%D1%83%D1%81%D1%81%D1%82%D0%B2%D0%B0%20%D0%90%D0%BB%D0%B0%D0%BD%D0%B8%D0%B8%20%D0%B8%20%D0%9A%D0%B0%D0%B2%D0%BA%D0%B0%D0%B7%D0%B0.%202011.pdf;pdf;no;no text;no text;no text;no text;no text;no text
Дзаттиаты Р. - Оборонительные сооружения южных осетин - 1983.djvu;https://cloud.mail.ru/public/Cbc3/kLSNPK3A3/%D0%90%D0%A0%D0%A5%D0%98%D0%A2%D0%95%D0%9A%D0%A2%D0%A3%D0%A0%D0%90/%D0%9F%D0%B0%D0%BF%D0%BA%D0%B0%201/%D0%94%D0%B7%D0%B0%D1%82%D1%82%D0%B8%D0%B0%D1%82%D1%8B%20%D0%A0.%20-%20%D0%9E%D0%B1%D0%BE%D1%80%D0%BE%D0%BD%D0%B8%D1%82%D0%B5%D0%BB%D1%8C%D0%BD%D1%8B%D0%B5%20%D1%81%D0%BE%D0%BE%D1%80%D1%83%D0%B6%D0%B5%D0%BD%D0%B8%D1%8F%20%D1%8E%D0%B6%D0%BD%D1%8B%D1%85%20%D0%BE%D1%81%D0%B5%D1%82%D0%B8%D0%BD%20-%201983.djvu;djvu;no;no text;no text;no text;no text;no text;no text
Дзаттиаты Р.Г. - Культура позднесредневековой Осетии - 2002.djvu;https://cloud.mail.ru/public/Cbc3/kLSNPK3A3/%D0%90%D0%A0%D0%A5%D0%98%D0%A2%D0%95%D0%9A%D0%A2%D0%A3%D0%A0%D0%90/%D0%9F%D0%B0%D0%BF%D0%BA%D0%B0%201/%D0%94%D0%B7%D0%B0%D1%82%D1%82%D0%B8%D0%B0%D1%82%D1%8B%20%D0%A0.%D0%93.%20-%20%D0%9A%D1%83%D0%BB%D1%8C%D1%82%D1%83%D1%80%D0%B0%20%D0%BF%D0%BE%D0%B7%D0%B4%D0%BD%D0%B5%D1%81%D1%80%D0%B5%D0%B4%D0%BD%D0%B5%D0%B2%D0%B5%D0%BA%D0%BE%D0%B2%D0%BE%D0%B9%20%D0%9E%D1%81%D0%B5%D1%82%D0%B8%D0%B8%20-%202002.djvu;djvu;yes;ossetian;russian;ru;rus_Cyrl;ru;russian
Зодчество средневековой Осетии - Скаченный файл.djvu;https://cloud.mail.ru/public/Cbc3/kLSNPK3A3/%D0%90%D0%A0%D0%A5%D0%98%D0%A2%D0%95%D0%9A%D0%A2%D0%A3%D0%A0%D0%90/%D0%9F%D0%B0%D0%BF%D0%BA%D0%B0%201/%D0%97%D0%BE%D0%B4%D1%87%D0%B5%D1%81%D1%82%D0%B2%D0%BE%20%D1%81%D1%80%D0%B5%D0%B4%D0%BD%D0%B5%D0%B2%D0%B5%D0%BA%D0%BE%D0%B2%D0%BE%D0%B9%20%D0%9E%D1%81%D0%B5%D1%82%D0%B8%D0%B8%20-%20%D0%A1%D0%BA%D0%B0%D1%87%D0%B5%D0%BD%D0%BD%D1%8B%D0%B9%20%D1%84%D0%B0%D0%B9%D0%BB.djvu;djvu;no;no text;no text;no text;no text;no text;no text
Историко-архитектурные памятники Северо-Осетинской АССР - 1971.djvu;https://cloud.mail.ru/public/Cbc3/kLSNPK3A3/%D0%90%D0%A0%D0%A5%D0%98%D0%A2%D0%95%D0%9A%D0%A2%D0%A3%D0%A0%D0%90/%D0%9F%D0%B0%D0%BF%D0%BA%D0%B0%201/%D0%98%D1%81%D1%82%D0%BE%D1%80%D0%B8%D0%BA%D0%BE-%D0%B0%D1%80%D1%85%D0%B8%D1%82%D0%B5%D0%BA%D1%82%D1%83%D1%80%D0%BD%D1%8B%D0%B5%20%D0%BF%D0%B0%D0%BC%D1%8F%D1%82%D0%BD%D0%B8%D0%BA%D0%B8%20%D0%A1%D0%B5%D0%B2%D0%B5%D1%80%D0%BE-%D0%9E%D1%81%D0%B5%D1%82%D0%B8%D0%BD%D1%81%D0%BA%D0%BE%D0%B9%20%D0%90%D0%A1%D0%A1%D0%A0%20-%201971.djvu;djvu;no;no text;no text;no text;no text;no text;no text
Калоев Г.Ф. - Система городских поселений Северной Осетии - 1979.djvu;https://cloud.mail.ru/public/Cbc3/kLSNPK3A3/%D0%90%D0%A0%D0%A5%D0%98%D0%A2%D0%95%D0%9A%D0%A2%D0%A3%D0%A0%D0%90/%D0%9F%D0%B0%D0%BF%D0%BA%D0%B0%201/%D0%9A%D0%B0%D0%BB%D0%BE%D0%B5%D0%B2%20%D0%93.%D0%A4.%20-%20%D0%A1%D0%B8%D1%81%D1%82%D0%B5%D0%BC%D0%B0%20%D0%B3%D0%BE%D1%80%D0%BE%D0%B4%D1%81%D0%BA%D0%B8%D1%85%20%D0%BF%D0%BE%D1%81%D0%B5%D0%BB%D0%B5%D0%BD%D0%B8%D0%B9%20%D0%A1%D0%B5%D0%B2%D0%B5%D1%80%D0%BD%D0%BE%D0%B9%20%D0%9E%D1%81%D0%B5%D1%82%D0%B8%D0%B8%20-%201979.djvu;djvu;yes;russian;ossetian;ru;rus_Cyrl;ru;russian
Кузнецов В.А. - Зодчество феодальной Алании - 1977.djvu;https://cloud.mail.ru/public/Cbc3/kLSNPK3A3/%D0%90%D0%A0%D0%A5%D0%98%D0%A2%D0%95%D0%9A%D0%A2%D0%A3%D0%A0%D0%90/%D0%9F%D0%B0%D0%BF%D0%BA%D0%B0%201/%D0%9A%D1%83%D0%B7%D0%BD%D0%B5%D1%86%D0%BE%D0%B2%20%D0%92.%D0%90.%20-%20%D0%97%D0%BE%D0%B4%D1%87%D0%B5%D1%81%D1%82%D0%B2%D0%BE%20%D1%84%D0%B5%D0%BE%D0%B4%D0%B0%D0%BB%D1%8C%D0%BD%D0%BE%D0%B9%20%D0%90%D0%BB%D0%B0%D0%BD%D0%B8%D0%B8%20-%201977.djvu;djvu;yes;russian;ossetian;ru;rus_Cyrl;ru;russian
Кузнецов В.А. - Реком, Нузал и Царазонта - 1990.djvu;https://cloud.mail.ru/public/Cbc3/kLSNPK3A3/%D0%90%D0%A0%D0%A5%D0%98%D0%A2%D0%95%D0%9A%D0%A2%D0%A3%D0%A0%D0%90/%D0%9F%D0%B0%D0%BF%D0%BA%D0%B0%201/%D0%9A%D1%83%D0%B7%D0%BD%D0%B5%D1%86%D0%BE%D0%B2%20%D0%92.%D0%90.%20-%20%D0%A0%D0%B5%D0%BA%D0%BE%D0%BC%2C%20%D0%9D%D1%83%D0%B7%D0%B0%D0%BB%20%D0%B8%20%D0%A6%D0%B0%D1%80%D0%B0%D0%B7%D0%BE%D0%BD%D1%82%D0%B0%20-%201990.djvu;djvu;yes;russian;ossetian;ru;rus_Cyrl;ru;russian
Пищулина В.В. - Христианское храмовое зодчество Северного Кавказа - 2006.djvu;https://cloud.mail.ru/public/Cbc3/kLSNPK3A3/%D0%90%D0%A0%D0%A5%D0%98%D0%A2%D0%95%D0%9A%D0%A2%D0%A3%D0%A0%D0%90/%D0%9F%D0%B0%D0%BF%D0%BA%D0%B0%201/%D0%9F%D0%B8%D1%89%D1%83%D0%BB%D0%B8%D0%BD%D0%B0%20%D0%92.%D0%92.%20-%20%D0%A5%D1%80%D0%B8%D1%81%D1%82%D0%B8%D0%B0%D0%BD%D1%81%D0%BA%D0%BE%D0%B5%20%D1%85%D1%80%D0%B0%D0%BC%D0%BE%D0%B2%D0%BE%D0%B5%20%D0%B7%D0%BE%D0%B4%D1%87%D0%B5%D1%81%D1%82%D0%B2%D0%BE%20%D0%A1%D0%B5%D0%B2%D0%B5%D1%80%D0%BD%D0%BE%D0%B3%D0%BE%20%D0%9A%D0%B0%D0%B2%D0%BA%D0%B0%D0%B7%D0%B0%20-%202006.djvu;djvu;yes;russian;russian;ru;rus_Cyrl;ru;russian
Сулименко С.Д. - Башни северного Кавказа - 1997.pdf;https://cloud.mail.ru/public/Cbc3/kLSNPK3A3/%D0%90%D0%A0%D0%A5%D0%98%D0%A2%D0%95%D0%9A%D0%A2%D0%A3%D0%A0%D0%90/%D0%9F%D0%B0%D0%BF%D0%BA%D0%B0%201/%D0%A1%D1%83%D0%BB%D0%B8%D0%BC%D0%B5%D0%BD%D0%BA%D0%BE%20%D0%A1.%D0%94.%20-%20%D0%91%D0%B0%D1%88%D0%BD%D0%B8%20%D1%81%D0%B5%D0%B2%D0%B5%D1%80%D0%BD%D0%BE%D0%B3%D0%BE%20%D0%9A%D0%B0%D0%B2%D0%BA%D0%B0%D0%B7%D0%B0%20-%201997.pdf;pdf;yes;no text;no text;no text;no text;no text;no text
Тменов В.Х. - Город мертвых - 1979.djvu;https://cloud.mail.ru/public/Cbc3/kLSNPK3A3/%D0%90%D0%A0%D0%A5%D0%98%D0%A2%D0%95%D0%9A%D0%A2%D0%A3%D0%A0%D0%90/%D0%9F%D0%B0%D0%BF%D0%BA%D0%B0%201/%D0%A2%D0%BC%D0%B5%D0%BD%D0%BE%D0%B2%20%D0%92.%D0%A5.%20-%20%D0%93%D0%BE%D1%80%D0%BE%D0%B4%20%D0%BC%D0%B5%D1%80%D1%82%D0%B2%D1%8B%D1%85%20-%201979.djvu;djvu;yes;ossetian;russian;ru;rus_Cyrl;ru;russian
Тменов В.Х. - Зодчество средневековой Осетии - 1996.djvu;https://cloud.mail.ru/public/Cbc3/kLSNPK3A3/%D0%90%D0%A0%D0%A5%D0%98%D0%A2%D0%95%D0%9A%D0%A2%D0%A3%D0%A0%D0%90/%D0%9F%D0%B0%D0%BF%D0%BA%D0%B0%201/%D0%A2%D0%BC%D0%B5%D0%BD%D0%BE%D0%B2%20%D0%92.%D0%A5.%20-%20%D0%97%D0%BE%D0%B4%D1%87%D0%B5%D1%81%D1%82%D0%B2%D0%BE%20%D1%81%D1%80%D0%B5%D0%B4%D0%BD%D0%B5%D0%B2%D0%B5%D0%BA%D0%BE%D0%B2%D0%BE%D0%B9%20%D0%9E%D1%81%D0%B5%D1%82%D0%B8%D0%B8%20-%201996.djvu;djvu;yes;ossetian;ossetian;ru;rus_Cyrl;ru;russian
Тменов В.Х. - Средневековые историко-архитектурные памятники Северной Осетии - 1984.djvu;https://cloud.mail.ru/public/Cbc3/kLSNPK3A3/%D0%90%D0%A0%D0%A5%D0%98%D0%A2%D0%95%D0%9A%D0%A2%D0%A3%D0%A0%D0%90/%D0%9F%D0%B0%D0%BF%D0%BA%D0%B0%201/%D0%A2%D0%BC%D0%B5%D0%BD%D0%BE%D0%B2%20%D0%92.%D0%A5.%20-%20%D0%A1%D1%80%D0%B5%D0%B4%D0%BD%D0%B5%D0%B2%D0%B5%D0%BA%D0%BE%D0%B2%D1%8B%D0%B5%20%D0%B8%D1%81%D1%82%D0%BE%D1%80%D0%B8%D0%BA%D0%BE-%D0%B0%D1%80%D1%85%D0%B8%D1%82%D0%B5%D0%BA%D1%82%D1%83%D1%80%D0%BD%D1%8B%D0%B5%20%D0%BF%D0%B0%D0%BC%D1%8F%D1%82%D0%BD%D0%B8%D0%BA%D0%B8%20%D0%A1%D0%B5%D0%B2%D0%B5%D1%80%D0%BD%D0%BE%D0%B9%20%D0%9E%D1%81%D0%B5%D1%82%D0%B8%D0%B8%20-%201984.djvu;djvu;yes;russian;ossetian;ru;rus_Cyrl;ru;russian
Гольдштейн А.Ф. - Башни в горах - 1977.djvu;https://cloud.mail.ru/public/Cbc3/kLSNPK3A3/%D0%90%D0%A0%D0%A5%D0%98%D0%A2%D0%95%D0%9A%D0%A2%D0%A3%D0%A0%D0%90/%D0%9F%D0%B0%D0%BF%D0%BA%D0%B0%202/%D0%93%D0%BE%D0%BB%D1%8C%D0%B4%D1%88%D1%82%D0%B5%D0%B9%D0%BD%20%D0%90.%D0%A4.%20-%20%D0%91%D0%B0%D1%88%D0%BD%D0%B8%20%D0%B2%20%D0%B3%D0%BE%D1%80%D0%B0%D1%85%20-%201977.djvu;djvu;yes;ossetian;ossetian;ru;rus_Cyrl;ru;russian
Kamal.mp3;https://cloud.mail.ru/public/Cbc3/kLSNPK3A3/%D0%90%D0%A3%D0%94%D0%98%D0%9E%D0%A4%D0%90%D0%99%D0%9B%D0%AB/Xody%20Kamala%20nyxaestae/Kamal.mp3;mp3;N/A;no text;no text;no text;no text;no text;no text
Каемдаер ирон лаеппутае зарынц.doc;https://cloud.mail.ru/public/Cbc3/kLSNPK3A3/%D0%90%D0%A3%D0%94%D0%98%D0%9E%D0%A4%D0%90%D0%99%D0%9B%D0%AB/Xody%20Kamala%20nyxaestae/%D0%9A%D0%B0%D0%B5%D0%BC%D0%B4%D0%B0%D0%B5%D1%80%20%D0%B8%D1%80%D0%BE%D0%BD%20%D0%BB%D0%B0%D0%B5%D0%BF%D0%BF%D1%83%D1%82%D0%B0%D0%B5%20%D0%B7%D0%B0%D1%80%D1%8B%D0%BD%D1%86.doc;doc;yes;unknown;russian;unknown;und_Cyrl;ru;russian
Каемдаер ирон лаеппутае зарынц.mp3;https://cloud.mail.ru/public/Cbc3/kLSNPK3A3/%D0%90%D0%A3%D0%94%D0%98%D0%9E%D0%A4%D0%90%D0%99%D0%9B%D0%AB/Xody%20Kamala%20nyxaestae/%D0%9A%D0%B0%D0%B5%D0%BC%D0%B4%D0%B0%D0%B5%D1%80%20%D0%B8%D1%80%D0%BE%D0%BD%20%D0%BB%D0%B0%D0%B5%D0%BF%D0%BF%D1%83%D1%82%D0%B0%D0%B5%20%D0%B7%D0%B0%D1%80%D1%8B%D0%BD%D1%86.mp3;mp3;N/A;no text;no text;no text;no text;no text;no text
Мачи каенаед аенкъард.mp3;https://cloud.mail.ru/public/Cbc3/kLSNPK3A3/%D0%90%D0%A3%D0%94%D0%98%D0%9E%D0%A4%D0%90%D0%99%D0%9B%D0%AB/Xody%20Kamala%20nyxaestae/%D0%9C%D0%B0%D1%87%D0%B8%20%D0%BA%D0%B0%D0%B5%D0%BD%D0%B0%D0%B5%D0%B4%20%D0%B0%D0%B5%D0%BD%D0%BA%D1%8A%D0%B0%D1%80%D0%B4.mp3;mp3;N/A;no text;no text;no text;no text;no text;no text
О маен каеддаер дае цаестытае раевдыдтой.mp3;https://cloud.mail.ru/public/Cbc3/kLSNPK3A3/%D0%90%D0%A3%D0%94%D0%98%D0%9E%D0%A4%D0%90%D0%99%D0%9B%D0%AB/Xody%20Kamala%20nyxaestae/%D0%9E%20%D0%BC%D0%B0%D0%B5%D0%BD%20%D0%BA%D0%B0%D0%B5%D0%B4%D0%B4%D0%B0%D0%B5%D1%80%20%D0%B4%D0%B0%D0%B5%20%D1%86%D0%B0%D0%B5%D1%81%D1%82%D1%8B%D1%82%D0%B0%D0%B5%20%D1%80%D0%B0%D0%B5%D0%B2%D0%B4%D1%8B%D0%B4%D1%82%D0%BE%D0%B9.mp3;mp3;N/A;no text;no text;no text;no text;no text;no text
31jan_0955 Кафты баераегбон.mp3;https://cloud.mail.ru/public/Cbc3/kLSNPK3A3/%D0%90%D0%A3%D0%94%D0%98%D0%9E%D0%A4%D0%90%D0%99%D0%9B%D0%AB/%D0%90%D0%A3%D0%94%D0%98%D0%9E/%D0%90%D1%83%D0%B4%D0%B8%D0%BE-01/%D0%9A%D0%B0%D1%84%D1%82%D1%8B%20%D0%B1%D0%B0%D0%B5%D1%80%D0%B0%D0%B5%D0%B3%D0%B1%D0%BE%D0%BD/31jan_0955%20%D0%9A%D0%B0%D1%84%D1%82%D1%8B%20%D0%B1%D0%B0%D0%B5%D1%80%D0%B0%D0%B5%D0%B3%D0%B1%D0%BE%D0%BD.mp3;mp3;N/A;no text;no text;no text;no text;no text;no text
Кафты баераегбон.doc;https://cloud.mail.ru/public/Cbc3/kLSNPK3A3/%D0%90%D0%A3%D0%94%D0%98%D0%9E%D0%A4%D0%90%D0%99%D0%9B%D0%AB/%D0%90%D0%A3%D0%94%D0%98%D0%9E/%D0%90%D1%83%D0%B4%D0%B8%D0%BE-01/%D0%9A%D0%B0%D1%84%D1%82%D1%8B%20%D0%B1%D0%B0%D0%B5%D1%80%D0%B0%D0%B5%D0%B3%D0%B1%D0%BE%D0%BD/%D0%9A%D0%B0%D1%84%D1%82%D1%8B%20%D0%B1%D0%B0%D0%B5%D1%80%D0%B0%D0%B5%D0%B3%D0%B1%D0%BE%D0%BD.doc;doc;yes;unknown;ossetian;unknown;und_Cyrl;ru;russian
06feb_1759 Къадзаты Станислав аемае иннаетае.mp3;https://cloud.mail.ru/public/Cbc3/kLSNPK3A3/%D0%90%D0%A3%D0%94%D0%98%D0%9E%D0%A4%D0%90%D0%99%D0%9B%D0%AB/%D0%90%D0%A3%D0%94%D0%98%D0%9E/%D0%90%D1%83%D0%B4%D0%B8%D0%BE-01/%D0%9A%D1%8A%D0%B0%D0%B4%D0%B7%D0%B0%D1%82%D1%8B%20%D0%A1%D1%82%D0%B0%D0%BD%D0%B8%D1%81%D0%BB%D0%B0%D0%B2%20%D0%B0%D0%B5%D0%BC%D0%B0%D0%B5%20%D0%B8%D0%BD%D0%BD%D0%B0%D0%B5%D1%82%D0%B0%D0%B5/06feb_1759%20%D0%9A%D1%8A%D0%B0%D0%B4%D0%B7%D0%B0%D1%82%D1%8B%20%D0%A1%D1%82%D0%B0%D0%BD%D0%B8%D1%81%D0%BB%D0%B0%D0%B2%20%D0%B0%D0%B5%D0%BC%D0%B0%D0%B5%20%D0%B8%D0%BD%D0%BD%D0%B0%D0%B5%D1%82%D0%B0%D0%B5.mp3;mp3;N/A;no text;no text;no text;no text;no text;no text
Мамсыраты Темырболат.doc;https://cloud.mail.ru/public/Cbc3/kLSNPK3A3/%D0%90%D0%A3%D0%94%D0%98%D0%9E%D0%A4%D0%90%D0%99%D0%9B%D0%AB/%D0%90%D0%A3%D0%94%D0%98%D0%9E/%D0%90%D1%83%D0%B4%D0%B8%D0%BE-01/%D0%9A%D1%8A%D0%B0%D0%B4%D0%B7%D0%B0%D1%82%D1%8B%20%D0%A1%D1%82%D0%B0%D0%BD%D0%B8%D1%81%D0%BB%D0%B0%D0%B2%20%D0%B0%D0%B5%D0%BC%D0%B0%D0%B5%20%D0%B8%D0%BD%D0%BD%D0%B0%D0%B5%D1%82%D0%B0%D0%B5/%D0%9C%D0%B0%D0%BC%D1%81%D1%8B%D1%80%D0%B0%D1%82%D1%8B%20%D0%A2%D0%B5%D0%BC%D1%8B%D1%80%D0%B1%D0%BE%D0%BB%D0%B0%D1%82.doc;doc;yes;russian;ossetian;unknown;und_Cyrl;ru;russian
01feb_1003 Уацамонгае.mp3;https://cloud.mail.ru/public/Cbc3/kLSNPK3A3/%D0%90%D0%A3%D0%94%D0%98%D0%9E%D0%A4%D0%90%D0%99%D0%9B%D0%AB/%D0%90%D0%A3%D0%94%D0%98%D0%9E/%D0%90%D1%83%D0%B4%D0%B8%D0%BE-01/01feb_1003%20%D0%A3%D0%B0%D1%86%D0%B0%D0%BC%D0%BE%D0%BD%D0%B3%D0%B0%D0%B5.mp3;mp3;N/A;no text;no text;no text;no text;no text;no text
01feb_1210 ерыс.mp3;https://cloud.mail.ru/public/Cbc3/kLSNPK3A3/%D0%90%D0%A3%D0%94%D0%98%D0%9E%D0%A4%D0%90%D0%99%D0%9B%D0%AB/%D0%90%D0%A3%D0%94%D0%98%D0%9E/%D0%90%D1%83%D0%B4%D0%B8%D0%BE-01/01feb_1210%20%D0%B5%D1%80%D1%8B%D1%81.mp3;mp3;N/A;no text;no text;no text;no text;no text;no text
03feb_1803 Заегъын уын аергомаей.mp3;https://cloud.mail.ru/public/Cbc3/kLSNPK3A3/%D0%90%D0%A3%D0%94%D0%98%D0%9E%D0%A4%D0%90%D0%99%D0%9B%D0%AB/%D0%90%D0%A3%D0%94%D0%98%D0%9E/%D0%90%D1%83%D0%B4%D0%B8%D0%BE-01/03feb_1803%20%D0%97%D0%B0%D0%B5%D0%B3%D1%8A%D1%8B%D0%BD%20%D1%83%D1%8B%D0%BD%20%D0%B0%D0%B5%D1%80%D0%B3%D0%BE%D0%BC%D0%B0%D0%B5%D0%B9.mp3;mp3;N/A;no text;no text;no text;no text;no text;no text
03feb_1803 Хабаерттае.mp3;https://cloud.mail.ru/public/Cbc3/kLSNPK3A3/%D0%90%D0%A3%D0%94%D0%98%D0%9E%D0%A4%D0%90%D0%99%D0%9B%D0%AB/%D0%90%D0%A3%D0%94%D0%98%D0%9E/%D0%90%D1%83%D0%B4%D0%B8%D0%BE-01/03feb_1803%20%D0%A5%D0%B0%D0%B1%D0%B0%D0%B5%D1%80%D1%82%D1%82%D0%B0%D0%B5.mp3;mp3;N/A;no text;no text;no text;no text;no text;no text
04feb_1755 Райгуыраен уаезаег зынаргъ у.mp3;https://cloud.mail.ru/public/Cbc3/kLSNPK3A3/%D0%90%D0%A3%D0%94%D0%98%D0%9E%D0%A4%D0%90%D0%99%D0%9B%D0%AB/%D0%90%D0%A3%D0%94%D0%98%D0%9E/%D0%90%D1%83%D0%B4%D0%B8%D0%BE-01/04feb_1755%20%D0%A0%D0%B0%D0%B9%D0%B3%D1%83%D1%8B%D1%80%D0%B0%D0%B5%D0%BD%20%D1%83%D0%B0%D0%B5%D0%B7%D0%B0%D0%B5%D0%B3%20%D0%B7%D1%8B%D0%BD%D0%B0%D1%80%D0%B3%D1%8A%20%D1%83.mp3;mp3;N/A;no text;no text;no text;no text;no text;no text
04feb_1755 Хабаерттае.mp3;https://cloud.mail.ru/public/Cbc3/kLSNPK3A3/%D0%90%D0%A3%D0%94%D0%98%D0%9E%D0%A4%D0%90%D0%99%D0%9B%D0%AB/%D0%90%D0%A3%D0%94%D0%98%D0%9E/%D0%90%D1%83%D0%B4%D0%B8%D0%BE-01/04feb_1755%20%D0%A5%D0%B0%D0%B1%D0%B0%D0%B5%D1%80%D1%82%D1%82%D0%B0%D0%B5.mp3;mp3;N/A;no text;no text;no text;no text;no text;no text
06feb_1759 Хабаерттае.mp3;https://cloud.mail.ru/public/Cbc3/kLSNPK3A3/%D0%90%D0%A3%D0%94%D0%98%D0%9E%D0%A4%D0%90%D0%99%D0%9B%D0%AB/%D0%90%D0%A3%D0%94%D0%98%D0%9E/%D0%90%D1%83%D0%B4%D0%B8%D0%BE-01/06feb_1759%20%D0%A5%D0%B0%D0%B1%D0%B0%D0%B5%D1%80%D1%82%D1%82%D0%B0%D0%B5.mp3;mp3;N/A;no text;no text;no text;no text;no text;no text
07feb_1005 Хабаерттае.mp3;https://cloud.mail.ru/public/Cbc3/kLSNPK3A3/%D0%90%D0%A3%D0%94%D0%98%D0%9E%D0%A4%D0%90%D0%99%D0%9B%D0%AB/%D0%90%D0%A3%D0%94%D0%98%D0%9E/%D0%90%D1%83%D0%B4%D0%B8%D0%BE-01/07feb_1005%20%D0%A5%D0%B0%D0%B1%D0%B0%D0%B5%D1%80%D1%82%D1%82%D0%B0%D0%B5.mp3;mp3;N/A;no text;no text;no text;no text;no text;no text
08feb_1208-Erys.mp3;https://cloud.mail.ru/public/Cbc3/kLSNPK3A3/%D0%90%D0%A3%D0%94%D0%98%D0%9E%D0%A4%D0%90%D0%99%D0%9B%D0%AB/%D0%90%D0%A3%D0%94%D0%98%D0%9E/%D0%90%D1%83%D0%B4%D0%B8%D0%BE-01/08feb_1208-Erys.mp3;mp3;N/A;no text;no text;no text;no text;no text;no text
28jan_1817 Ирон аевзаджы олимпиадаейы тыххаей.mp3;https://cloud.mail.ru/public/Cbc3/kLSNPK3A3/%D0%90%D0%A3%D0%94%D0%98%D0%9E%D0%A4%D0%90%D0%99%D0%9B%D0%AB/%D0%90%D0%A3%D0%94%D0%98%D0%9E/%D0%90%D1%83%D0%B4%D0%B8%D0%BE-01/28jan_1817%20%D0%98%D1%80%D0%BE%D0%BD%20%D0%B0%D0%B5%D0%B2%D0%B7%D0%B0%D0%B4%D0%B6%D1%8B%20%D0%BE%D0%BB%D0%B8%D0%BC%D0%BF%D0%B8%D0%B0%D0%B4%D0%B0%D0%B5%D0%B9%D1%8B%20%D1%82%D1%8B%D1%85%D1%85%D0%B0%D0%B5%D0%B9.mp3;mp3;N/A;no text;no text;no text;no text;no text;no text
28jan_1817 Хорзы кой дардмае.mp3;https://cloud.mail.ru/public/Cbc3/kLSNPK3A3/%D0%90%D0%A3%D0%94%D0%98%D0%9E%D0%A4%D0%90%D0%99%D0%9B%D0%AB/%D0%90%D0%A3%D0%94%D0%98%D0%9E/%D0%90%D1%83%D0%B4%D0%B8%D0%BE-01/28jan_1817%20%D0%A5%D0%BE%D1%80%D0%B7%D1%8B%20%D0%BA%D0%BE%D0%B9%20%D0%B4%D0%B0%D1%80%D0%B4%D0%BC%D0%B0%D0%B5.mp3;mp3;N/A;no text;no text;no text;no text;no text;no text
31jan_1149 Заердиаг куыст - аентыстыты рахаецаен.mp3;https://cloud.mail.ru/public/Cbc3/kLSNPK3A3/%D0%90%D0%A3%D0%94%D0%98%D0%9E%D0%A4%D0%90%D0%99%D0%9B%D0%AB/%D0%90%D0%A3%D0%94%D0%98%D0%9E/%D0%90%D1%83%D0%B4%D0%B8%D0%BE-01/31jan_1149%20%D0%97%D0%B0%D0%B5%D1%80%D0%B4%D0%B8%D0%B0%D0%B3%20%D0%BA%D1%83%D1%8B%D1%81%D1%82%20-%20%D0%B0%D0%B5%D0%BD%D1%82%D1%8B%D1%81%D1%82%D1%8B%D1%82%D1%8B%20%D1%80%D0%B0%D1%85%D0%B0%D0%B5%D1%86%D0%B0%D0%B5%D0%BD.mp3;mp3;N/A;no text;no text;no text;no text;no text;no text
05feb_1736-Xabaerttae.mp3;https://cloud.mail.ru/public/Cbc3/kLSNPK3A3/%D0%90%D0%A3%D0%94%D0%98%D0%9E%D0%A4%D0%90%D0%99%D0%9B%D0%AB/%D0%90%D0%A3%D0%94%D0%98%D0%9E/%D0%90%D1%83%D0%B4%D0%B8%D0%BE-02/05feb_1736-Xabaerttae.mp3;mp3;N/A;no text;no text;no text;no text;no text;no text
10feb_1734-Xabaerttae.mp3;https://cloud.mail.ru/public/Cbc3/kLSNPK3A3/%D0%90%D0%A3%D0%94%D0%98%D0%9E%D0%A4%D0%90%D0%99%D0%9B%D0%AB/%D0%90%D0%A3%D0%94%D0%98%D0%9E/%D0%90%D1%83%D0%B4%D0%B8%D0%BE-02/10feb_1734-Xabaerttae.mp3;mp3;N/A;no text;no text;no text;no text;no text;no text
10feb_1734-Zaehyn_uyn_aergomaej.mp3;https://cloud.mail.ru/public/Cbc3/kLSNPK3A3/%D0%90%D0%A3%D0%94%D0%98%D0%9E%D0%A4%D0%90%D0%99%D0%9B%D0%AB/%D0%90%D0%A3%D0%94%D0%98%D0%9E/%D0%90%D1%83%D0%B4%D0%B8%D0%BE-02/10feb_1734-Zaehyn_uyn_aergomaej.mp3;mp3;N/A;no text;no text;no text;no text;no text;no text
11feb_1748-Vazygdzyn_farsta.mp3;https://cloud.mail.ru/public/Cbc3/kLSNPK3A3/%D0%90%D0%A3%D0%94%D0%98%D0%9E%D0%A4%D0%90%D0%99%D0%9B%D0%AB/%D0%90%D0%A3%D0%94%D0%98%D0%9E/%D0%90%D1%83%D0%B4%D0%B8%D0%BE-02/11feb_1748-Vazygdzyn_farsta.mp3;mp3;N/A;no text;no text;no text;no text;no text;no text
11feb_1748-Xabaerttae.mp3;https://cloud.mail.ru/public/Cbc3/kLSNPK3A3/%D0%90%D0%A3%D0%94%D0%98%D0%9E%D0%A4%D0%90%D0%99%D0%9B%D0%AB/%D0%90%D0%A3%D0%94%D0%98%D0%9E/%D0%90%D1%83%D0%B4%D0%B8%D0%BE-02/11feb_1748-Xabaerttae.mp3;mp3;N/A;no text;no text;no text;no text;no text;no text
12feb_1733-Xabaerttae.mp3;https://cloud.mail.ru/public/Cbc3/kLSNPK3A3/%D0%90%D0%A3%D0%94%D0%98%D0%9E%D0%A4%D0%90%D0%99%D0%9B%D0%AB/%D0%90%D0%A3%D0%94%D0%98%D0%9E/%D0%90%D1%83%D0%B4%D0%B8%D0%BE-02/12feb_1733-Xabaerttae.mp3;mp3;N/A;no text;no text;no text;no text;no text;no text
12feb_1733-Интервью-по-русски.mp3;https://cloud.mail.ru/public/Cbc3/kLSNPK3A3/%D0%90%D0%A3%D0%94%D0%98%D0%9E%D0%A4%D0%90%D0%99%D0%9B%D0%AB/%D0%90%D0%A3%D0%94%D0%98%D0%9E/%D0%90%D1%83%D0%B4%D0%B8%D0%BE-02/12feb_1733-%D0%98%D0%BD%D1%82%D0%B5%D1%80%D0%B2%D1%8C%D1%8E-%D0%BF%D0%BE-%D1%80%D1%83%D1%81%D1%81%D0%BA%D0%B8.mp3;mp3;N/A;no text;no text;no text;no text;no text;no text
13feb_1759-Xabaerttae.mp3;https://cloud.mail.ru/public/Cbc3/kLSNPK3A3/%D0%90%D0%A3%D0%94%D0%98%D0%9E%D0%A4%D0%90%D0%99%D0%9B%D0%AB/%D0%90%D0%A3%D0%94%D0%98%D0%9E/%D0%90%D1%83%D0%B4%D0%B8%D0%BE-02/13feb_1759-Xabaerttae.mp3;mp3;N/A;no text;no text;no text;no text;no text;no text
14feb_1201_Поэт_Хаемыцаты_Юрийы_интервью.mp3;https://cloud.mail.ru/public/Cbc3/kLSNPK3A3/%D0%90%D0%A3%D0%94%D0%98%D0%9E%D0%A4%D0%90%D0%99%D0%9B%D0%AB/%D0%90%D0%A3%D0%94%D0%98%D0%9E/%D0%90%D1%83%D0%B4%D0%B8%D0%BE-02/14feb_1201_%D0%9F%D0%BE%D1%8D%D1%82_%D0%A5%D0%B0%D0%B5%D0%BC%D1%8B%D1%86%D0%B0%D1%82%D1%8B_%D0%AE%D1%80%D0%B8%D0%B9%D1%8B_%D0%B8%D0%BD%D1%82%D0%B5%D1%80%D0%B2%D1%8C%D1%8E.mp3;mp3;N/A;no text;no text;no text;no text;no text;no text
15feb_0954-Уацамонгае.mp3;https://cloud.mail.ru/public/Cbc3/kLSNPK3A3/%D0%90%D0%A3%D0%94%D0%98%D0%9E%D0%A4%D0%90%D0%99%D0%9B%D0%AB/%D0%90%D0%A3%D0%94%D0%98%D0%9E/%D0%90%D1%83%D0%B4%D0%B8%D0%BE-03/15feb_0954-%D0%A3%D0%B0%D1%86%D0%B0%D0%BC%D0%BE%D0%BD%D0%B3%D0%B0%D0%B5.mp3;mp3;N/A;no text;no text;no text;no text;no text;no text
21feb_0951_Хабаерттае.mp3;https://cloud.mail.ru/public/Cbc3/kLSNPK3A3/%D0%90%D0%A3%D0%94%D0%98%D0%9E%D0%A4%D0%90%D0%99%D0%9B%D0%AB/%D0%90%D0%A3%D0%94%D0%98%D0%9E/%D0%90%D1%83%D0%B4%D0%B8%D0%BE-03/21feb_0951_%D0%A5%D0%B0%D0%B1%D0%B0%D0%B5%D1%80%D1%82%D1%82%D0%B0%D0%B5.mp3;mp3;N/A;no text;no text;no text;no text;no text;no text
21feb_1203_Экологийы_тыххаей.mp3;https://cloud.mail.ru/public/Cbc3/kLSNPK3A3/%D0%90%D0%A3%D0%94%D0%98%D0%9E%D0%A4%D0%90%D0%99%D0%9B%D0%AB/%D0%90%D0%A3%D0%94%D0%98%D0%9E/%D0%90%D1%83%D0%B4%D0%B8%D0%BE-03/21feb_1203_%D0%AD%D0%BA%D0%BE%D0%BB%D0%BE%D0%B3%D0%B8%D0%B9%D1%8B_%D1%82%D1%8B%D1%85%D1%85%D0%B0%D0%B5%D0%B9.mp3;mp3;N/A;no text;no text;no text;no text;no text;no text
22feb_1158_Ерыс.mp3;https://cloud.mail.ru/public/Cbc3/kLSNPK3A3/%D0%90%D0%A3%D0%94%D0%98%D0%9E%D0%A4%D0%90%D0%99%D0%9B%D0%AB/%D0%90%D0%A3%D0%94%D0%98%D0%9E/%D0%90%D1%83%D0%B4%D0%B8%D0%BE-03/22feb_1158_%D0%95%D1%80%D1%8B%D1%81.mp3;mp3;N/A;no text;no text;no text;no text;no text;no text
01mar_0951_Уацамонгае.mp3;https://cloud.mail.ru/public/Cbc3/kLSNPK3A3/%D0%90%D0%A3%D0%94%D0%98%D0%9E%D0%A4%D0%90%D0%99%D0%9B%D0%AB/%D0%90%D0%A3%D0%94%D0%98%D0%9E/%D0%90%D1%83%D0%B4%D0%B8%D0%BE-04/01mar_0951_%D0%A3%D0%B0%D1%86%D0%B0%D0%BC%D0%BE%D0%BD%D0%B3%D0%B0%D0%B5.mp3;mp3;N/A;no text;no text;no text;no text;no text;no text
07mar_1211_school7.mp3;https://cloud.mail.ru/public/Cbc3/kLSNPK3A3/%D0%90%D0%A3%D0%94%D0%98%D0%9E%D0%A4%D0%90%D0%99%D0%9B%D0%AB/%D0%90%D0%A3%D0%94%D0%98%D0%9E/%D0%90%D1%83%D0%B4%D0%B8%D0%BE-04/07mar_1211_school7.mp3;mp3;N/A;no text;no text;no text;no text;no text;no text
07mar_1211_Заеронд_ус.mp3;https://cloud.mail.ru/public/Cbc3/kLSNPK3A3/%D0%90%D0%A3%D0%94%D0%98%D0%9E%D0%A4%D0%90%D0%99%D0%9B%D0%AB/%D0%90%D0%A3%D0%94%D0%98%D0%9E/%D0%90%D1%83%D0%B4%D0%B8%D0%BE-04/07mar_1211_%D0%97%D0%B0%D0%B5%D1%80%D0%BE%D0%BD%D0%B4_%D1%83%D1%81.mp3;mp3;N/A;no text;no text;no text;no text;no text;no text
08mar_1008_Мадаелтае.mp3;https://cloud.mail.ru/public/Cbc3/kLSNPK3A3/%D0%90%D0%A3%D0%94%D0%98%D0%9E%D0%A4%D0%90%D0%99%D0%9B%D0%AB/%D0%90%D0%A3%D0%94%D0%98%D0%9E/%D0%90%D1%83%D0%B4%D0%B8%D0%BE-04/08mar_1008_%D0%9C%D0%B0%D0%B4%D0%B0%D0%B5%D0%BB%D1%82%D0%B0%D0%B5.mp3;mp3;N/A;no text;no text;no text;no text;no text;no text
08mar_1211_Ерыс.mp3;https://cloud.mail.ru/public/Cbc3/kLSNPK3A3/%D0%90%D0%A3%D0%94%D0%98%D0%9E%D0%A4%D0%90%D0%99%D0%9B%D0%AB/%D0%90%D0%A3%D0%94%D0%98%D0%9E/%D0%90%D1%83%D0%B4%D0%B8%D0%BE-04/08mar_1211_%D0%95%D1%80%D1%8B%D1%81.mp3;mp3;N/A;no text;no text;no text;no text;no text;no text
28feb_0953_Хабаерттае.mp3;https://cloud.mail.ru/public/Cbc3/kLSNPK3A3/%D0%90%D0%A3%D0%94%D0%98%D0%9E%D0%A4%D0%90%D0%99%D0%9B%D0%AB/%D0%90%D0%A3%D0%94%D0%98%D0%9E/%D0%90%D1%83%D0%B4%D0%B8%D0%BE-04/28feb_0953_%D0%A5%D0%B0%D0%B1%D0%B0%D0%B5%D1%80%D1%82%D1%82%D0%B0%D0%B5.mp3;mp3;N/A;no text;no text;no text;no text;no text;no text
28feb_1207_Ахуыргаенаеджы_фарн.mp3;https://cloud.mail.ru/public/Cbc3/kLSNPK3A3/%D0%90%D0%A3%D0%94%D0%98%D0%9E%D0%A4%D0%90%D0%99%D0%9B%D0%AB/%D0%90%D0%A3%D0%94%D0%98%D0%9E/%D0%90%D1%83%D0%B4%D0%B8%D0%BE-04/28feb_1207_%D0%90%D1%85%D1%83%D1%8B%D1%80%D0%B3%D0%B0%D0%B5%D0%BD%D0%B0%D0%B5%D0%B4%D0%B6%D1%8B_%D1%84%D0%B0%D1%80%D0%BD.mp3;mp3;N/A;no text;no text;no text;no text;no text;no text
12mar_1757_Хабаерттае.mp3;https://cloud.mail.ru/public/Cbc3/kLSNPK3A3/%D0%90%D0%A3%D0%94%D0%98%D0%9E%D0%A4%D0%90%D0%99%D0%9B%D0%AB/%D0%90%D0%A3%D0%94%D0%98%D0%9E/%D0%90%D1%83%D0%B4%D0%B8%D0%BE-05/12mar_1757_%D0%A5%D0%B0%D0%B1%D0%B0%D0%B5%D1%80%D1%82%D1%82%D0%B0%D0%B5.mp3;mp3;N/A;no text;no text;no text;no text;no text;no text
13mar_1750_Хабаерттае.mp3;https://cloud.mail.ru/public/Cbc3/kLSNPK3A3/%D0%90%D0%A3%D0%94%D0%98%D0%9E%D0%A4%D0%90%D0%99%D0%9B%D0%AB/%D0%90%D0%A3%D0%94%D0%98%D0%9E/%D0%90%D1%83%D0%B4%D0%B8%D0%BE-05/13mar_1750_%D0%A5%D0%B0%D0%B1%D0%B0%D0%B5%D1%80%D1%82%D1%82%D0%B0%D0%B5.mp3;mp3;N/A;no text;no text;no text;no text;no text;no text
14mar_0958_Хабаерттае.mp3;https://cloud.mail.ru/public/Cbc3/kLSNPK3A3/%D0%90%D0%A3%D0%94%D0%98%D0%9E%D0%A4%D0%90%D0%99%D0%9B%D0%AB/%D0%90%D0%A3%D0%94%D0%98%D0%9E/%D0%90%D1%83%D0%B4%D0%B8%D0%BE-05/14mar_0958_%D0%A5%D0%B0%D0%B1%D0%B0%D0%B5%D1%80%D1%82%D1%82%D0%B0%D0%B5.mp3;mp3;N/A;no text;no text;no text;no text;no text;no text
14mar_1203_Театры_зарджытае.mp3;https://cloud.mail.ru/public/Cbc3/kLSNPK3A3/%D0%90%D0%A3%D0%94%D0%98%D0%9E%D0%A4%D0%90%D0%99%D0%9B%D0%AB/%D0%90%D0%A3%D0%94%D0%98%D0%9E/%D0%90%D1%83%D0%B4%D0%B8%D0%BE-05/14mar_1203_%D0%A2%D0%B5%D0%B0%D1%82%D1%80%D1%8B_%D0%B7%D0%B0%D1%80%D0%B4%D0%B6%D1%8B%D1%82%D0%B0%D0%B5.mp3;mp3;N/A;no text;no text;no text;no text;no text;no text
15mar_0953_Уацамонгае.mp3;https://cloud.mail.ru/public/Cbc3/kLSNPK3A3/%D0%90%D0%A3%D0%94%D0%98%D0%9E%D0%A4%D0%90%D0%99%D0%9B%D0%AB/%D0%90%D0%A3%D0%94%D0%98%D0%9E/%D0%90%D1%83%D0%B4%D0%B8%D0%BE-05/15mar_0953_%D0%A3%D0%B0%D1%86%D0%B0%D0%BC%D0%BE%D0%BD%D0%B3%D0%B0%D0%B5.mp3;mp3;N/A;no text;no text;no text;no text;no text;no text
ногдзау-стихтае.doc;https://cloud.mail.ru/public/Cbc3/kLSNPK3A3/%D0%90%D0%A3%D0%94%D0%98%D0%9E%D0%A4%D0%90%D0%99%D0%9B%D0%AB/%D0%90%D0%A3%D0%94%D0%98%D0%9E/%D0%90%D1%83%D0%B4%D0%B8%D0%BE-05/%D0%BD%D0%BE%D0%B3%D0%B4%D0%B7%D0%B0%D1%83-%D1%81%D1%82%D0%B8%D1%85%D1%82%D0%B0%D0%B5.doc;doc;yes;ossetian;russian;unknown;und_Cyrl;ru;russian
20mar_1813_Нае_уазаег_уае_уазаег.mp3;https://cloud.mail.ru/public/Cbc3/kLSNPK3A3/%D0%90%D0%A3%D0%94%D0%98%D0%9E%D0%A4%D0%90%D0%99%D0%9B%D0%AB/%D0%90%D0%A3%D0%94%D0%98%D0%9E/%D0%90%D1%83%D0%B4%D0%B8%D0%BE-06/20mar_1813_%D0%9D%D0%B0%D0%B5_%D1%83%D0%B0%D0%B7%D0%B0%D0%B5%D0%B3_%D1%83%D0%B0%D0%B5_%D1%83%D0%B0%D0%B7%D0%B0%D0%B5%D0%B3.mp3;mp3;N/A;no text;no text;no text;no text;no text;no text
20mar_1813_Хабаерттае.mp3;https://cloud.mail.ru/public/Cbc3/kLSNPK3A3/%D0%90%D0%A3%D0%94%D0%98%D0%9E%D0%A4%D0%90%D0%99%D0%9B%D0%AB/%D0%90%D0%A3%D0%94%D0%98%D0%9E/%D0%90%D1%83%D0%B4%D0%B8%D0%BE-06/20mar_1813_%D0%A5%D0%B0%D0%B1%D0%B0%D0%B5%D1%80%D1%82%D1%82%D0%B0%D0%B5.mp3;mp3;N/A;no text;no text;no text;no text;no text;no text
21mar_1001_Хабаерттае.mp3;https://cloud.mail.ru/public/Cbc3/kLSNPK3A3/%D0%90%D0%A3%D0%94%D0%98%D0%9E%D0%A4%D0%90%D0%99%D0%9B%D0%AB/%D0%90%D0%A3%D0%94%D0%98%D0%9E/%D0%90%D1%83%D0%B4%D0%B8%D0%BE-06/21mar_1001_%D0%A5%D0%B0%D0%B1%D0%B0%D0%B5%D1%80%D1%82%D1%82%D0%B0%D0%B5.mp3;mp3;N/A;no text;no text;no text;no text;no text;no text
